Review ID,Review Submission Date Time,Account ID,TPID,Subject,Primary Category,Description,Case Origin,Record Type ID,Contact Name,Owner ID,Case Category,Type,Status,Blocker,Auto Chase Status,Translated Description
63e256dc889b102e37afc2a1,02/07/2023T01:00:00.000GMT,17940,4,"not updated, microwave caught on fire(18 years old and dirty), smoke alarms not working due to no batteries available on site, no first aid on site.",Fire,"not updated, microwave caught on fire(18 years old and dirty), smoke alarms not working due to no batteries available on site, no first aid on site.
----- 
not updated, microwave caught on fire(18 years old and dirty), smoke alarms not working due to no batteries available on site, no first aid on site.  Went 36 hours with no smoke alarm and then one beeping every 30min",Dataloader,Partner Review,Internal Contacts,005C0000003oGdn,Guest Review,Health & Safety Investigation Level 1,New,,Not Applicable,"not updated, microwave caught on fire(18 years old and dirty), smoke alarms not working due to no batteries available on site, no first aid on site.
----- 
not updated, microwave caught on fire(18 years old and dirty), smoke alarms not working due to no batteries available on site, no first aid on site.  Went 36 hours with no smoke alarm and then one beeping every 30min"
63e0df9219d00a0fb0928edc,02/06/2023T01:00:00.000GMT,2202530,-1,Hotel calme sauf alarme incendie la première nuit .ça a duré bcp trop longtemps.,Fire,"Hotel calme sauf alarme incendie la première nuit .ça a duré bcp trop longtemps.
----- 
Hotel calme sauf alarme incendie la première nuit .ça a duré bcp trop longtemps. Chambre RELATIVEMENT propre, brûlures cigarette sur le sol, sanitaires propres mais odeur d égouts très importantes le premier soir, fenetre immonde pleine de dejections de pigeons HORRIBLE. Peu de papier wc disponible. Sinon pour le prix on va dire que ça va. HEUREUSEMENT que la chambre etait calme.",Dataloader,Partner Review,Internal Contacts,005C0000003oGdn,Guest Review,Health & Safety Investigation Level 1,New,,Not Applicable,"Quiet hotel except fire alarm the first night. It lasted a lot for too long.
----
Quiet hotel except fire alarm the first night. It lasted a lot for too long.Relatively clean room, cigarette burns on the floor, clean sanitary facilities but very important sewer smell on the first evening, filthy window full of horrible pigeon dejections.Little wc paper available.Otherwise for the price we will say that it's okay.Fortunately, the room was calm."
63e0f1429b665768329a27c4,02/06/2023T01:00:00.000GMT,1157661,-1,"nadie informaba de si era o no una falsa alarma, a las 3h de la madrugada, tengo que decir que la estancia alli fie perfecta por la ubicación, limpieza y amabilidad del personal",Fire,"nadie informaba de si era o no una falsa alarma, a las 3h de la madrugada, tengo que decir que la estancia alli fie perfecta por la ubicación, limpieza y amabilidad del personal
----- 
A pesar de que la primera noche saltó la alarma contra incendios y nadie informaba de si era o no una falsa alarma, a las 3h de la madrugada, tengo que decir que la estancia alli fie perfecta por la ubicación,  limpieza y amabilidad del personal.  Sin duda repetiremos. Muchas gracias",Dataloader,Partner Review,Internal Contacts,005C0000003oGdn,Guest Review,Health & Safety Investigation Level 1,New,,Not Applicable,"No one reported whether or not it was a false alarm, at 3:00 a.m.
----
Although the first night the fire alarm jumped and nobody reported whether or not it was a false alarm, at 3:00 a.m., I have to say that the stay there perfect for the location, cleanliness and kindness of the staff.We will certainly repeat.Thank you so much"
63e1180c1691da7d759415d5,02/06/2023T01:00:00.000GMT,4589652,3,"smoke detector hanging down, tv cable did not reach the plug, bathroom door handle missing, shower head holder missing/damaged, window did not shut, lamp shade turn beds were very old and un comfy.",Fire,"smoke detector hanging down, tv cable did not reach the plug, bathroom door handle missing, shower head holder missing/damaged, window did not shut, lamp shade turn beds were very old and un comfy.
----- 
Terrible place, dirty, dark and dingy even in the day time.
smoke detector hanging down, tv cable didnt reach the plug, bathroom door handle missing, shower head holder missing/damaged, window didnt shut, lamp shade turn beds were very old and un comfy. 
 
wish i had spent the extra £20 and got a travel lodge. 

even for a dirt cheap over night this place it not worth it.",Dataloader,Partner Review,Internal Contacts,005C0000003oGdn,Guest Review,Health & Safety Investigation Level 1,New,,Not Applicable,"smoke detector hanging down, tv cable did not reach the plug, bathroom door handle missing, shower head holder missing/damaged, window did not shut, lamp shade turn beds were very old and un comfy.
----- 
Terrible place, dirty, dark and dingy even in the day time.
smoke detector hanging down, tv cable didnt reach the plug, bathroom door handle missing, shower head holder missing/damaged, window didnt shut, lamp shade turn beds were very old and un comfy. 
 
wish i had spent the extra £20 and got a travel lodge. 

even for a dirt cheap over night this place it not worth it."
63e4ee45de200418ee6309d9,02/09/2023T01:00:00.000GMT,5583,-1,Seul pb ce matin la alarme incendie déclenché erreur à 8h du matin ( reveil difficile ) Personnel accueillant,Fire,"Seul pb ce matin la alarme incendie déclenché erreur à 8h du matin ( reveil difficile ) Personnel accueillant
----- 
Super hôtel ! Seul pb ce matin la alarme incendie déclenché erreur à 8h du matin ( reveil difficile ) 
Personnel accueillant",Dataloader,Partner Review,Internal Contacts,005C0000003oGdn,Guest Review,Health & Safety Investigation Level 1,New,,Not Applicable,"Only PB this morning the fire alarm triggered error at 8 am (difficult awake) welcoming staff
----
Great hotel!Only PB this morning the fire alarm triggered error at 8 a.m.
Welcoming staff"
63e147524807715606c403f4,02/06/2023T01:00:00.000GMT,76838492,3,"Fire extingushers were located on the floor, not on the wall and were being used to prop the outside door open while cleaners were outside in the morning having a smoke.",Fire,"Fire extingushers were located on the floor, not on the wall and were being used to prop the outside door open while cleaners were outside in the morning having a smoke.
----- 
The facilities were great but service was poor. I knew when booking that there was nobody on site but the emergency number was not answered quickly enough and the telephone number on the side of the property does not exist. The fire alarm went off at 5.45am so everyone evacuated but it was 40mins until the emergency number was answered and another half hour before the fire alarm engineer came out. There are no fire procedures in the rooms and no evacuation plan. This is particularly worrying with nobody on site. Luckily it was a false alarm and not a real fire. Fire extingushers were located on the floor, not on the wall and were being used to prop the outside door open while cleaners were outside in the morning having a smoke.",Dataloader,Partner Review,Internal Contacts,005C0000003oGdn,Guest Review,Health & Safety Investigation Level 1,New,,Not Applicable,"Fire extingushers were located on the floor, not on the wall and were being used to prop the outside door open while cleaners were outside in the morning having a smoke.
----- 
The facilities were great but service was poor. I knew when booking that there was nobody on site but the emergency number was not answered quickly enough and the telephone number on the side of the property does not exist. The fire alarm went off at 5.45am so everyone evacuated but it was 40mins until the emergency number was answered and another half hour before the fire alarm engineer came out. There are no fire procedures in the rooms and no evacuation plan. This is particularly worrying with nobody on site. Luckily it was a false alarm and not a real fire. Fire extingushers were located on the floor, not on the wall and were being used to prop the outside door open while cleaners were outside in the morning having a smoke."
63e4d059de200418ee62b5d5,02/09/2023T01:00:00.000GMT,5384237,-1,Am nächsten Morgen um 6.00 Uhr wurden wir durch den Feueralarm geweckt.,Fire,"Am nächsten Morgen um 6.00 Uhr wurden wir durch den Feueralarm geweckt.
----- 
Wir haben das Zimmer wegen der Lage und des vermeintlich günstigen Preises gebucht ... und dem kostenlosen Parkplatz - so weit, so gut ... ! Der Parkplatz war in einem anderen Hotel, nur 300 m entfernt, aber in einer Einbahnstraße, wir brauchten 30 min, um das Auto nach der Ankunft im Verkehrschaos dorthin zu bringen. Der Empfang war freundlich, man erklärte uns, dass das Frühstück im Hotel serviert wird, wo auch der Parkplatz ist (300m entfernt). Unser Zimmer war dann im Keller mit Blick nach hinten. Ohne die Möglichkeit einen richtigen Sichtschutz zu haben. Die Betten und das Zimmer waren soweit in Ordnung. Das Bad war aber renovierungsbedürftig. Am nächsten Morgen um 6.00 Uhr wurden wir durch den Feueralarm geweckt. Wir zogen uns an, liefen zur Rezeption, niemand da. Im ganzen Hotel kein Personal, aber auch kein Feuer. Die anderen Gäste haben sich dann vor dem Hotel versammelt und gewartet. Um 6.45 Uhr ist dann Jemand gekommen und hat die Anlage abgeschaltet. Keine Entschuldigung vom Hotel. Frühstück gab es dann doch in diesem  Hotel, aber wir mussten bis nach 8.00 Uhr warten, weil noch nicht alles fertig war. Alles etwas chaotisch und nicht wirklich zu angenehm..",Dataloader,Partner Review,Internal Contacts,005C0000003oGdn,Guest Review,Health & Safety Investigation Level 1,New,,Not Applicable,"The next morning at 6:00 a.m. we were woken up by the fire alarm.
------
We booked the room because of the location and the supposedly cheap price ... and the free parking space - so far, so good ...!The parking lot was in another hotel, just 300 m away, but in a one -way street, it took us 30 minutes to get the car there after arriving in traffic chaos.The reception was friendly, we were told that breakfast is served in the hotel, where the parking lot is also (300m away).Our room was then in the basement with a view of it.Without the opportunity to have a real privacy screen.The beds and the room were okay so far.The bathroom was in need of renovation.The next morning at 6:00 a.m. we were woken up by the fire alarm.We got dressed, ran to the reception, nobody there.No staff throughout the hotel, but also no fire.The other guests then gathered and waited in front of the hotel.At 6.45 a.m. someone came and switched off the facility.No excuse from the hotel.Breakfast was in this hotel, but we had to wait until 8 a.m. because not everything was ready.Everything a little chaotic and not really too pleasant .."
63e1312c1691da7d7594a004,02/06/2023T01:00:00.000GMT,11111195,-1,"Boa hospedagem,poderiam melhorarem as televisões,de tubos e ultrapassadas e sem opções de programação,ocorreu uma queda de energia noturna de 12 horas,faltou uma luz de emergência no apartamento,complicado isso.",Fire,"Boa hospedagem,poderiam melhorarem as televisões,de tubos e ultrapassadas e sem opções de programação,ocorreu uma queda de energia noturna de 12 horas,faltou uma luz de emergência no apartamento,complicado isso.
----- 
Boa hospedagem,poderiam melhorarem as televisões,de tubos e ultrapassadas e sem opções de programação,ocorreu uma queda de energia noturna de 12 horas,faltou uma luz de emergência no apartamento,complicado isso.",Dataloader,Partner Review,Internal Contacts,005C0000003oGdn,Guest Review,Health & Safety Investigation Level 1,New,,Not Applicable,"Good hosting, could improve televisions, pipes and outdated and without programming options, there was a 12 -hour night power outage, an emergency light in the apartment, complicated that.
------
Good hosting, could improve televisions, pipes and outdated and without programming options, there was a 12 -hour night power outage, an emergency light in the apartment, complicated that."
63e11e871691da7d759430a0,02/06/2023T01:00:00.000GMT,46291442,4,a smoke alarm chirped outside my door every few minutes for 4 days & nights,Fire,"a smoke alarm chirped outside my door every few minutes for 4 days & nights
----- 
The suite was lovely but I waited 25 min for someone to meet me to let me in. They refused to answer the phone when I tried to call to see what was taking so long. The dishwasher was full of water when I arrived, and a smoke alarm chirped outside my door every few minutes for 4 days & nights. I emailed 3 days to ask for help but received none.",Dataloader,Partner Review,Internal Contacts,005C0000003oGdn,Guest Review,Health & Safety Investigation Level 1,New,,Not Applicable,"a smoke alarm chirped outside my door every few minutes for 4 days & nights
----- 
The suite was lovely but I waited 25 min for someone to meet me to let me in. They refused to answer the phone when I tried to call to see what was taking so long. The dishwasher was full of water when I arrived, and a smoke alarm chirped outside my door every few minutes for 4 days & nights. I emailed 3 days to ask for help but received none."
63e0ceec1620f06be3e70c84,02/06/2023T01:00:00.000GMT,69789877,-1,Erg fijn Alleen jammer dat savonds het brandalarm afging Oorverdovend en lang voor er werd gereageerd Niet echt relaxed natuurlijk Voor de rest prima,Fire,"Erg fijn Alleen jammer dat savonds het brandalarm afging Oorverdovend en lang voor er werd gereageerd Niet echt relaxed natuurlijk Voor de rest prima
----- 
Erg fijn
Alleen jammer dat savonds het brandalarm afging
Oorverdovend en lang voor er werd gereageerd 
Niet echt relaxed natuurlijk 
Voor de rest prima",Dataloader,Partner Review,Internal Contacts,005C0000003oGdn,Guest Review,Health & Safety Investigation Level 1,New,,Not Applicable,"Very nice just a pity that in the evening the fire alarm went deafening and long before there was a response not really relaxed of course for the rest fine
----
Very nice
Just a pity that the fire alarm went off in the evening
Deafening and long before there was a response
Not really relaxed of course
For the rest fine"
63e0d9331620f06be3e739e9,02/06/2023T01:00:00.000GMT,1842001,20,"Moisissure, détecteur de fumée recouvert de sac plastique.",Fire,"Moisissure, détecteur de fumée recouvert de sac plastique.
----- 
La chambre proposée n’avait rien à voir avec les photos sur le site. 
Chambre en sous sols, salle sombre avec une fenêtre de toit. Qui ne fonctionnait pas. 
J’ai demandé à changer de chambre, la seconde était pire. Moisissure, détecteur de fumée recouvert de sac plastique. Électricité plus que douteuse et dans un état général salle. 
Porte avec pas d’isolation phonique proche des toilette. Donc des aller retour toute la nuit, et des gens qui attendent en discutant devant la porte.
Donc rien à voir avec le prix payer ni les photos. 
A ne surtout pas essayer, échec complet. 
Évidemment ils ont pas voulu faire de geste commercial. 

Je vous déconseille,
Il y a de très bon hôtel, à peine plus chère. 
Qui sont de vrais hôtels.",Dataloader,Partner Review,Internal Contacts,005C0000003oGdn,Guest Review,Health & Safety Investigation Level 1,New,,Not Applicable,"Mill, smoke detector covered with plastic bag.
----
The proposed room had nothing to do with the photos on the site.
Bedroom in basements, dark room with a roof window.Who did not work.
I asked to change rooms, the second was worse.Mill, smoke detector covered with plastic bag.More than doubtful electricity and in a general room condition.
Door with no sound insulation near the toilet.So round trips all night, and people waiting while chatting in front of the door.
So nothing to do with the price pay or the photos.
Do not try, complete failure.
Obviously they did not want to make a commercial gesture.

I do not recommend,
There are very good hotel, barely more expensive.
Who are real hotels."
63e17056de200418ee5931e7,02/06/2023T01:00:00.000GMT,23584189,-1,Marca de sangue no sofá.,Injury,"Marca de sangue no sofá.
----- 
Apesar de estar escrito na descrição da reserva que ficaríamos no 14º andar. Quando chegamos na recepção nos foi informado que ficaríamos no quarto que estivesse disponível. Ou seja, não ficamos onde gostaríamos. Cheiro muito forte de cigarro nos corredores. Solicitamos dois cobertores na recepção e até agora estamos esperando. Nunca entregaram. A limpeza não é boa. Já que os hospedes anteriores escreveram ""Lucas Gostoso"" no espelho. E ao tomar banho conseguimos ver. Descarga barulhenta. Pia que alagava o banheiro. Marca de sangue no sofá.",Dataloader,Partner Review,Internal Contacts,0058b00000FdW4I,Guest Review,Health & Safety Investigation Level 2,Pending - Vendor,Awaiting Response,Not Applicable,"Blood brand on the couch.
------
Despite being written in the description of the reserve we would be on the 14th floor.When we arrived at the reception we were informed that we would be in the room that was available.That is, we are not where we would like.Very strong smell of cigarette in the corridors.We request two blankets at the reception and so far we are waiting.Never delivered.The cleaning is not good.Since previous guests wrote ""Lucas Gostoso"" in the mirror.And when we showered we can see.Noisy discharge.Sink that flooded the bathroom.Blood brand on the couch."
63e04ef8dc57313b6dbf5579,02/06/2023T01:00:00.000GMT,1807800,-1,eu precisei de ajuda num certo momento por estar com o pé machucado,Injury,"eu precisei de ajuda num certo momento por estar com o pé machucado
----- 
Equipe da recepção prestativos. O interfone do quarto 1407 não estava funcionando e eu precisei de ajuda num certo momento por estar com o pé machucado. A limpeza do quarto foi básica. As condições do quarto por ser um prédio antigo e que esta passando por reformas esta com fissuras nas paredes, pintura e reboco não plano. Frigobar não gelava muito. Ar condicionado bom. Janelas e cortinas mal apresentadas e emperrava a janela ao abrir. Lençol e travesseiro bom. Banheiro sem janela e sem ventilação forçada (só uma veneziana). Porta papel, porta sabonete, porta toalha, enferrujados e ineficientes. Limpeza do chão não era a melhor, tinha cabelo. Televisão não funcionava os canais. Sem acessibilidade para deficientes físicos. Um amigo que se hospedou neste hotel já tinha me falado.",Dataloader,Partner Review,Internal Contacts,0058b00000FdW4I,Guest Review,Health & Safety Investigation Level 2,Pending - Vendor,Awaiting Response,Not Applicable,"I needed help at a certain moment because I got my foot injured
------
Helpful reception team.The intercom in room 1407 was not working and I needed help at a certain time because I was bruised.The cleaning of the room was basic.The conditions of the room because it is an old building that is undergoing reforms with cracks in the walls, painting and plaster not flat.Frigobar did not freeze much.Good air conditioner.Windows and poorly presented curtains and stuffed the window when opening.Sheet and pillow good.Bathroom without window and without forced ventilation (just a Venetian).Paper door, soap holder, towel holder, rusty and inefficient.Cleaning the floor was not the best, had hair.Television did not work the channels.Without accessibility for the disabled.A friend who stayed at this hotel had already told me."
63e4fdce0772b25c79f13404,02/09/2023T01:00:00.000GMT,76670724,4,"We DID have to be moved to another (better) room as the bathroom sink was leaking, and the pool of water on the floor created a dangerous slip and fall hazard.",Injury,"We DID have to be moved to another (better) room as the bathroom sink was leaking, and the pool of water on the floor created a dangerous slip and fall hazard.
----- 
The location is perfect and staff were excellent. We DID have to be moved to another (better) room as the bathroom sink was leaking, and the pool of water on the floor created a dangerous slip and fall hazard. Also, hallway and lobby conversations among guests and staff woke me up a few times in the late evening and early morning. We were on the ground floor, so this might be lessened with a room upstairs, but I did want a patio room",Dataloader,Partner Review,Internal Contacts,0058b00000FdW4I,Guest Review,Health & Safety Investigation Level 2,Pending - Vendor,Awaiting Response,Not Applicable,"We DID have to be moved to another (better) room as the bathroom sink was leaking, and the pool of water on the floor created a dangerous slip and fall hazard.
----- 
The location is perfect and staff were excellent. We DID have to be moved to another (better) room as the bathroom sink was leaking, and the pool of water on the floor created a dangerous slip and fall hazard. Also, hallway and lobby conversations among guests and staff woke me up a few times in the late evening and early morning. We were on the ground floor, so this might be lessened with a room upstairs, but I did want a patio room"
63e108c212ac50228bf7115d,02/06/2023T01:00:00.000GMT,4129350,4,I fell very hard to the concrete causing some serious pain.,Injury,"I fell very hard to the concrete causing some serious pain.
----- 
I was walking from the parking lot to the hotel on the sidewalk, and slipped on the ice. I fell very hard to the concrete causing some serious pain. I told the desk attendant about it and they said they would get it taken care of. But the next morning the ice was still there. Not a word from any sorta management on how I was doing or any other mention of the incident. If I was older I would have broken some bones instead of just bruises and soreness.",Dataloader,Partner Review,Internal Contacts,0058b00000FdW4I,Guest Review,Health & Safety Investigation Level 2,Pending - Vendor,Awaiting Response,Not Applicable,"I fell very hard to the concrete causing some serious pain.
----- 
I was walking from the parking lot to the hotel on the sidewalk, and slipped on the ice. I fell very hard to the concrete causing some serious pain. I told the desk attendant about it and they said they would get it taken care of. But the next morning the ice was still there. Not a word from any sorta management on how I was doing or any other mention of the incident. If I was older I would have broken some bones instead of just bruises and soreness."
63e0dca49b6657683299ef64,02/06/2023T01:00:00.000GMT,328477,25,"The steps down to my room were small and hazards and as a result i fell and hurt my ankle, i reported this to ohs and situation still continuing at this stage.",Injury,"The steps down to my room were small and hazards and as a result i fell and hurt my ankle, i reported this to ohs and situation still continuing at this stage.
----- 
The steps down to my room were small and hazards and as a result i fell and hurt my ankle,  i reported this to ohs and situation still continuing at this stage. Not resolved as yet but working with management is good.",Dataloader,Partner Review,Internal Contacts,0058b00000FdW4I,Guest Review,Health & Safety Investigation Level 2,Pending - Vendor,Awaiting Response,Not Applicable,"The steps down to my room were small and hazards and as a result i fell and hurt my ankle, i reported this to ohs and situation still continuing at this stage.
----- 
The steps down to my room were small and hazards and as a result i fell and hurt my ankle,  i reported this to ohs and situation still continuing at this stage. Not resolved as yet but working with management is good."
63e1a7d51691da7d75969443,02/07/2023T01:00:00.000GMT,62588966,12,Cena con un vinito caliente y un corte excelente.,Injury,"Cena con un vinito caliente y un corte excelente.
----- 
Estuvo increíble. El lugar es extraordinariamente bonito. Calefacción. Jacuzzi climatizado. Alberca. Spa. Desayuno bastante copioso incluido. Cena con un vinito caliente y un corte excelente. Camas cómodas, habitaciones limpias con todo lo necesario. Reciben mascotas. Internet de primera. Precio suuuper accesible. Desde que reservé me contactaron, me mandaron un pdf con información, y se pusieron a las ordenes. Diseñaron un tour personalizado de acuerdo a nuestras intenciones. Amables y resolutivos al llegar.
Mil veces recomendable, y definitivamente regresaría.",Dataloader,Partner Review,Internal Contacts,0058b00000FdW4I,Guest Review,Health & Safety Investigation Level 2,Pending - Vendor,Awaiting Response,Not Applicable,"Dinner with a hot vinito and an excellent cut.
----
It was amazing.The place is extraordinarily beautiful.Heating.Climatized jacuzzi.Swimming pool.Spa.Quite copious breakfast included.Dinner with a hot vinito and an excellent cut.Comfortable beds, clean rooms with everything you need.They receive pets.First Internet.Suuuper accessible price.Since I reserved they contacted me, they sent me a PDF with information, and they put themselves to the orders.They designed a personalized tour according to our intentions.Friendly and resolutive upon arrival.
A thousand times recommended, and would definitely return."
63e1ecc41a50ac7aaa4f4830,02/07/2023T01:00:00.000GMT,9629148,-1,Bunk is low so easy to hit head but was clean & comfortable.,Injury,"Bunk is low so easy to hit head but was clean & comfortable.
----- 
Beds were comfortable and clean. The room had bunks  The room had a step down going in and a step up to bathroom so that’s the only fault and falls risk possibly.
Bunk is low so easy to hit head but was clean & comfortable. 
Remote control for airconditioner was located under top bunk bed of all places!!!",Dataloader,Partner Review,Internal Contacts,0058b00000FdW4I,Guest Review,Health & Safety Investigation Level 2,Pending - Vendor,Awaiting Response,Not Applicable,"Bunk is low so easy to hit head but was clean & comfortable.
----- 
Beds were comfortable and clean. The room had bunks  The room had a step down going in and a step up to bathroom so that’s the only fault and falls risk possibly.
Bunk is low so easy to hit head but was clean & comfortable. 
Remote control for airconditioner was located under top bunk bed of all places!!!"
63e157d41620f06be3e974bc,02/06/2023T01:00:00.000GMT,4027564,11,It felt really good traveling on my own injured.,Injury,"It felt really good traveling on my own injured.
----- 
I broke my elbow and I stayed here only shortly until the flight back home. The lady of the hotel was so friendly. It felt really good traveling on my own injured.",Dataloader,Partner Review,Internal Contacts,0058b00000FdW4I,Guest Review,Health & Safety Investigation Level 2,Pending - Vendor,Awaiting Response,Not Applicable,"It felt really good traveling on my own injured.
----- 
I broke my elbow and I stayed here only shortly until the flight back home. The lady of the hotel was so friendly. It felt really good traveling on my own injured."
63e3c9922623560f84f220dd,02/08/2023T01:00:00.000GMT,32607269,12,"Lo que no, fue el restaurante, me hizo daño la comida (chicharron) tremenda infeccion",Injury,"Lo que no, fue el restaurante, me hizo daño la comida (chicharron) tremenda infeccion
----- 
Lo rustico u moderno y amplio.
Lo que no, fue el restaurante, me hizo daño la comida (chicharron) tremenda infeccion",Dataloader,Partner Review,Internal Contacts,0058b00000FdW4I,Guest Review,Health & Safety Investigation Level 2,Pending - Vendor,Awaiting Response,Not Applicable,"What not, was the restaurant, hurt my food (chicharron) tremendous infection
----
The rustic or modern and broad.
What not, was the restaurant, hurt my food (chicharron) tremendous infection"
63e25b06f18431056ccf7b43,02/07/2023T01:00:00.000GMT,75790655,-1,havia fios de cabelo pelo chão e toalete estava com sangue que parecia ser de menstruação,Injury,"havia fios de cabelo pelo chão e toalete estava com sangue que parecia ser de menstruação
----- 
Apartamento excelente em prédio muito bom!
A caminhada até o Alianz Parque leva em torno de 8min e é tranquila.
Tenho apenas 3 ressalvas sobre a unidade na qual eh fiquei, no caso a 901: a tomada próxima à cama está com um pino quebrado dentro, o que impede a utilização da mesma, não consegui carregar meu celular enquanto estava deitado na cama; a limpeza deixou bastante a desejar, havia fios de cabelo pelo chão e toalete estava com sangue que parecia ser de menstruação; e por fim, a unidade não tinha wi-fi, o que não foi problema, pois usei o sinal do apartamento 903.",Dataloader,Partner Review,Internal Contacts,0058b00000FdW4I,Guest Review,Health & Safety Investigation Level 2,Pending - Vendor,Awaiting Response,Not Applicable,"There were hair on the floor and toilet was with blood that seemed to be menstruation
------
Excellent apartment in very good building!
The walk to Alianz Parque takes around 8min and is quiet.
I have only 3 caveats about the unit in which I stayed, in this case 901: the outlet near the bed is with a broken pin inside, which prevents it from using it, I could not carry my cell phone while lying in bed;The cleaning left a lot to be desired, there were hair on the floor and toilet was with blood that seemed to be menstruation;And finally, the unit had no Wi-Fi, which was no problem, because I used the sign of apartment 903."
63e0c9c594c8cf0f3d6056e4,02/06/2023T01:00:00.000GMT,21174653,-1,5인가족여행으로 23년 2월 3일 저녁에 탑스텐 레스토랑에서 저녁 뷔페 이용을 했는데 굴을 먹은 2인만 다음날부터 배가 아프기 시작해서 2일후인 일요일엔 구토와 설사로 굉장히 고생했습니다 월요일에 병원가서 진료를 보니 식중독 진단을 받았습니다 호텔 레스토랑측에 전화로 문의하니 그날 뷔페 이용을 한 다른 사용자도 동일 증상으로 컨플레임이 왔었다고 하더군요,Customer,"5인가족여행으로 23년 2월 3일 저녁에 탑스텐 레스토랑에서 저녁 뷔페 이용을 했는데 굴을 먹은 2인만 다음날부터 배가 아프기 시작해서 2일후인 일요일엔 구토와 설사로 굉장히 고생했습니다 월요일에 병원가서 진료를 보니 식중독 진단을 받았습니다 호텔 레스토랑측에 전화로 문의하니 그날 뷔페 이용을 한 다른 사용자도 동일 증상으로 컨플레임이 왔었다고 하더군요
----- 
5인가족여행으로 23년 2월 3일 저녁에 탑스텐 레스토랑에서 저녁 뷔페 이용을 했는데 굴을 먹은 2인만 다음날부터 배가 아프기 시작해서 2일후인 일요일엔 구토와 설사로 굉장히 고생했습니다
월요일에 병원가서 진료를 보니 식중독 진단을 받았습니다
호텔 레스토랑측에 전화로 문의하니 그날 뷔페 이용을 한 다른 사용자도 동일 증상으로 컨플레임이 왔었다고 하더군요

식중독 걸린 2인에 대한 배상요구를 했더니 호텔레스토랑 담당자(과장)는 자기네 호텔 레스토랑에서 음식을 먹고 식중독에 걸렸다는 증빙을 고객이 직접 확보하지 않는 이상 보상이 어렵다고 회피만 했습니다(녹취 자료도 있습니다)
병원서류에 굴을 먹고 나서부터 속이 안좋아지기 시작했다는 내용이 있다고 말했으나 그런건 증빙자료로 받아드리기 어렵고 식약처든 보건소든 신고해서 당시(23년 2월 3일) 굴에 문제가 있었던걸 증빙하라고 말장난을 하는 행테에 기가찼습니다",Dataloader,Partner Review,Internal Contacts,0058b00000FdW4I,Guest Review,Health & Safety Investigation Level 2,Pending - Vendor,Awaiting Response,Not Applicable,"On February 3, 23, on February 3, 23, I used dinner buffet at the Top Sten Restaurant.I was diagnosed with food poisoning. I contacted the hotel restaurant by calling the other user who used the buffet that day.
-----
On February 3, 23, on February 3, 23, I used dinner buffet at the top of February 23, but I started to get sick from the next day after two people who ate cave.
On Monday, I went to the hospital to see the treatment, and I was diagnosed with food poisoning.
When I contacted the hotel restaurant by phone, other users who used the buffet on that day said they had the same symptoms.

When I asked for a compensation for two people who had food poisoning, the hotel restaurant manager (manager) only avoided that it was difficult to reward unless the customer secured the evidence that he had eaten food and had food poisoning at his hotel restaurant (there was a recording material)
He said that after eating oysters in the hospital documents, he said that he began to get bad, but it was difficult to accept as evidence, and he reported that there was a problem with the cave at the time (February 3, 23).I was full of hanging frame"
63e0b1bf19d00a0fb091ed8a,02/06/2023T01:00:00.000GMT,73232,-1,また、天井のダウンライトの下にいると熱かったです。,Customer,"また、天井のダウンライトの下にいると熱かったです。
----- 
息子の受験のため利用しました
綺麗で立派なホテルで勿体無いくらいでした
ただ欲を言えば、机にスタンドが置かれてあり
配慮を感じられましたが、勉強するにはお部屋
自体が少し暗いかなと思いました。また、天井のダウンライトの下にいると熱かったです。決して苦情ではありません。総合的には快適でした。",Dataloader,Partner Review,Internal Contacts,0058b00000FdW4I,Guest Review,Health & Safety Investigation Level 2,Pending - Vendor,Awaiting Response,Not Applicable,"Also, it was hot under the downlight of the ceiling.
------
I used it for my son's exam
It was a beautiful and excellent hotel.
Just want to say, there is a stand on the desk
I felt consideration, but the room to study
I thought it was a little dark.Also, it was hot under the downlight of the ceiling.It's not a complaint.It was comfortable overall."
63e221e8de200418ee5b1d95,02/07/2023T01:00:00.000GMT,12385623,-1,モノレール駅から近く、国際通りに面している為車無しの場合は良いが、レンタカーを借りる場合は1回最大1500円がかかり、かつ近くに駐車場が借りれない場合がある為注意。,Customer,"モノレール駅から近く、国際通りに面している為車無しの場合は良いが、レンタカーを借りる場合は1回最大1500円がかかり、かつ近くに駐車場が借りれない場合がある為注意。
----- 
モノレール駅から近く、国際通りに面している為車無しの場合は良いが、レンタカーを借りる場合は1回最大1500円がかかり、かつ近くに駐車場が借りれない場合がある為注意。",Dataloader,Partner Review,Internal Contacts,0058b00000FdW4I,Guest Review,Health & Safety Investigation Level 2,Pending - Vendor,Awaiting Response,Not Applicable,"It is good if there is no car because it is close to the monorail station and facing Kokusai Street, but if you rent a rental car, it costs up to 1500 yen once and you may not be able to rent a parking lot nearby.
------
It is good if there is no car because it is close to the monorail station and facing Kokusai Street, but if you rent a rental car, it costs up to 1500 yen once and you may not be able to rent a parking lot nearby."
63e4b2dd889b102e37b6691b,02/09/2023T01:00:00.000GMT,2835050,-1,最初は熱い湯が出ていたのに途中で水になり、暫くして出すとお湯が出る、そんな繰り返しだった。,Customer,"最初は熱い湯が出ていたのに途中で水になり、暫くして出すとお湯が出る、そんな繰り返しだった。
----- 
湯船があるのにお湯が途中で水に変わり熱いお湯に浸かれなかった。最初は熱い湯が出ていたのに途中で水になり、暫くして出すとお湯が出る、そんな繰り返しだった。
チェクインしてすぐ、セイフティボックスが壊れていてドワ毎交換していた。日々のチェックをしていないのか？部屋の窓のカーテンを開けると内側の廊下が...宿泊者から丸見えなので開けることが出来なかった。変な作りのホテルだと思う。場所は近くに繁華街もコンビニもすぐ近くにあり便利だと思う。フロント女の子が親切だった。実は２回目の滞在だったが、前は別の部屋だったので問題なかったが、今回は最初から問題がありがっかりした。",Dataloader,Partner Review,Internal Contacts,0058b00000FdW4I,Guest Review,Health & Safety Investigation Level 2,Pending - Vendor,Awaiting Response,Not Applicable,"At first, hot water was coming out, but it became water on the way, and after a while, hot water came out.
------
Even though there was a bathtub, the hot water was turned into water on the way and was not immersed in hot water.At first, hot water was coming out, but it became water on the way, and after a while, hot water came out.
Immediately after the chewing in, the safety box was broken and I was replaced every Dowa.Are you not checking your daily life?When I opened the curtains in the room window, the inner corridor was ...I think it's a strange hotel.I think the location is close to the downtown and convenience stores nearby.The front girl was kind.Actually, it was my second stay, but there was no problem because it was a different room before, but this time the problem was amazing from the beginning."
63e35396de200418ee5ed12c,02/08/2023T01:00:00.000GMT,10165504,28,加熱？）,Customer,"加熱？）
----- 
スパ真下の部屋はたまに聞こえる機械（水の循環？加熱？）の音が少し気になりました。",Dataloader,Partner Review,Internal Contacts,0058b00000FdW4I,Guest Review,Health & Safety Investigation Level 2,Pending - Vendor,Awaiting Response,Not Applicable,"heating?)
------
The room just below the spa was a little worried about the sound of a machine (water circulation or heating?) I sometimes heard."
63e05f9d91e0356fc664decf,02/06/2023T01:00:00.000GMT,11821181,62,吃完早餐後拉肚子,Customer,"吃完早餐後拉肚子
----- 
棉被及床都舒服

吃完早餐後拉肚子",Dataloader,Partner Review,Internal Contacts,0058b00000FdW4I,Guest Review,Health & Safety Investigation Level 2,Pending - Vendor,Awaiting Response,Not Applicable,"Daladia after breakfast
------
Cotton quilts and beds are comfortable

Daladia after breakfast"
63e1178e1691da7d7594143b,02/06/2023T01:00:00.000GMT,3008903,28,熱いものを飲むのに、やりづらい。,Customer,"熱いものを飲むのに、やりづらい。
----- 
お茶を飲むカップが、薄い紙コップ。
熱いものを飲むのに、やりづらい。",Dataloader,Partner Review,Internal Contacts,0058b00000FdW4I,Guest Review,Health & Safety Investigation Level 2,Pending - Vendor,Awaiting Response,Not Applicable,"It's hard to drink to drink hot things.
------
The cup of tea is a thin paper cup.
It's hard to drink to drink hot things."
63e33ef09f99ed32c1024669,02/08/2023T01:00:00.000GMT,201186,6,"Katastrophe: Drehtür mit Treppe, dadurch Sturzgefahr beim Verlassen aber kein Warnschild",Accommodation,"Katastrophe: Drehtür mit Treppe, dadurch Sturzgefahr beim Verlassen aber kein Warnschild
----- 
Positiv: sauber, gut gelegen

Negativ: winzige Zimmer, durchgelegene Matratzen, kein zweiter Stuhl bei einer Buchung für zwei Personen möglich, kein Frühstück auf dem Zimmer möglich

Katastrophe: Drehtür mit Treppe, dadurch Sturzgefahr beim Verlassen aber kein Warnschild",Dataloader,Partner Review,Internal Contacts,0058b00000FdW4I,Guest Review,Health & Safety Investigation Level 2,Pending - Vendor,Awaiting Response,Not Applicable,"Disaster: revolving door with stairs, thereby having a risk of falling when leaving no warning sign
------
Positive: clean, well located

Negative: tiny rooms, sailing mattresses, no second chair possible for a booking for two people, no breakfast in the room possible

Disaster: revolving door with stairs, thereby having a risk of falling when leaving no warning sign"
63e3554bde200418ee5ed428,02/08/2023T01:00:00.000GMT,1877045,11,"Over het algemeen een fijne kamer , bad/douche zat verstopt en er ontbrak een onderdeel in de zijkant van het bad waardoor het niet veilig was voor jonge kinderen als ze in bad zouden gaan en gezien dit een familie kamer is vond ik dit wel een groot ",Accommodation,"Over het algemeen een fijne kamer , bad/douche zat verstopt en er ontbrak een onderdeel in de zijkant van het bad waardoor het niet veilig was voor jonge kinderen als ze in bad zouden gaan en gezien dit een familie kamer is vond ik dit wel een groot minpunt
----- 
Inchecken was fijn en snel , optie om ontbijt naar de kamer te brengen was ook fijn , helaas ontbrak er bij het ontbijt meerdere dingen die we hadden aangegeven.

Over het algemeen een fijne kamer , bad/douche zat verstopt en er ontbrak een onderdeel in de zijkant van het bad waardoor het niet veilig was voor jonge kinderen als ze in bad zouden gaan en gezien dit een familie kamer is vond ik dit wel een groot minpunt

Ik heb eerder in dit hotel verbleven alleen dan in een andere kamer mijn beoordeling blijft het zelfde.

Snachts veel overlast gehad van de buren maar daar valt weinig aan te doen.",Dataloader,Partner Review,Internal Contacts,0058b00000FdW4I,Guest Review,Health & Safety Investigation Level 2,Pending - Vendor,Awaiting Response,Not Applicable,"In general a nice room, bath/shower was hidden and there was no part in the side of the bath, so it was not safe for young children if they were in the bath and given this is a family room, I thought this was a big onedownside
----
Checking in was nice and fast, option to bring breakfast to the room was also nice, unfortunately several things we had indicated at breakfast.

In general a nice room, bath/shower was hidden and there was no part in the side of the bath, so it was not safe for young children if they were in the bath and given this is a family room, I thought this was a big onedownside

I stayed in this hotel before only than in another room my assessment remains the same.

At night had a lot of nuisance from the neighbors, but there is little to do about it."
63e3532dde200418ee5ed075,02/08/2023T01:00:00.000GMT,893749,6,the bathroom I think would not hurt a little renovation,Accommodation,"the bathroom I think would not hurt a little renovation
----- 
Unfortunately, my stay in your hotel was a bit disappointing. Compared to other 5-star hotels, there are better ones for me. Especially compared to the Trou aux Biches Beachcomber Hotel, the Dinarobin does not live up to my expectations of the Beachcomber hotel chain. The atmosphere was kind of cold - I didn't really feel welcome. The food was average & some of the staff members made a rather less motivated, partly unfriendly impression. The resort is very big and well maintained, but I wish the quality would not suffer from the - in my eyes exaggerated - size of the hotel. The bedroom is big, the bathroom I think would not hurt a little renovation.",Dataloader,Partner Review,Internal Contacts,0058b00000FdW4I,Guest Review,Health & Safety Investigation Level 2,Pending - Vendor,Awaiting Response,Not Applicable,"the bathroom I think would not hurt a little renovation
----- 
Unfortunately, my stay in your hotel was a bit disappointing. Compared to other 5-star hotels, there are better ones for me. Especially compared to the Trou aux Biches Beachcomber Hotel, the Dinarobin does not live up to my expectations of the Beachcomber hotel chain. The atmosphere was kind of cold - I didn't really feel welcome. The food was average & some of the staff members made a rather less motivated, partly unfriendly impression. The resort is very big and well maintained, but I wish the quality would not suffer from the - in my eyes exaggerated - size of the hotel. The bedroom is big, the bathroom I think would not hurt a little renovation."
63e25fcaf18431056ccf895a,02/07/2023T01:00:00.000GMT,89116872,-1,"acessibilidade ruim por ter muitas escadas, acústica dos quartos de andares baixo ruim e distante do centro.",Accommodation,"acessibilidade ruim por ter muitas escadas, acústica dos quartos de andares baixo ruim e distante do centro.
----- 
Pousada muito aconchegante, equipe atenciosa, estrutura e móveis novos, localização boa e excelente custo benefício.  
Pontos negativos; acessibilidade ruim por ter muitas escadas, acústica dos quartos de andares baixo ruim e distante do centro.",Dataloader,Partner Review,Internal Contacts,0058b00000FdW4I,Guest Review,Health & Safety Investigation Level 2,Pending - Vendor,Awaiting Response,Not Applicable,"Bad accessibility for having many stairs, acoustics of the low and distant low floors.
------
Very cozy hostel, attentive team, new structure and furniture, good location and excellent cost benefit.
Negative points;Bad accessibility for having many stairs, acoustics of the low and distant low floors."
63e4bf02de200418ee628de5,02/09/2023T01:00:00.000GMT,5660562,6,"Gesundheitsgefährdender Zustand, sehr unsauber, dass es einem kurz vorm erbrechen erreicht, unwürdiger Zimmer und Bad und allgemeiner Zustand.",Customer,"Gesundheitsgefährdender Zustand, sehr unsauber, dass es einem kurz vorm erbrechen erreicht, unwürdiger Zimmer und Bad und allgemeiner Zustand.
----- 
Gesundheitsgefährdender Zustand, sehr unsauber, dass es einem kurz vorm erbrechen erreicht, unwürdiger Zimmer und Bad und allgemeiner Zustand. Hilft nur ein Abriss! Personal ist auch uninteressiert ob es den Gästen gut geht. Sucht Euch lieber ein richtiges Hotel anstatt hier zu buchen !",Dataloader,Partner Review,Internal Contacts,0058b00000FdW4I,Guest Review,Health & Safety Investigation Level 2,Pending - Vendor,Awaiting Response,Not Applicable,"Health -threatening state, very unclean that it reaches you shortly before vomiting, unworthy room and bathroom and general condition.
------
Health -threatening state, very unclean that it reaches you shortly before vomiting, unworthy room and bathroom and general condition.Just a demolition helps!Personnel is also uninterested whether the guests are doing well.Better look for a real hotel instead of booking here!"
63e01a8664374453351ab338,02/05/2023T01:00:00.000GMT,16284336,-1,Las toallas todas tiesas la abitacion tenía mal olor mucho ruido mi esposo salió contagiado del virus covid19 no tienen cuidado todos andan sin mascarilla en el comedor estaban unas personas tociendo no hay hijiene 😏😔😷,Customer,"Las toallas todas tiesas la abitacion tenía mal olor mucho ruido mi esposo salió contagiado del virus covid19 no tienen cuidado todos andan sin mascarilla en el comedor estaban unas personas tociendo no hay hijiene 😏😔😷
----- 
Las toallas todas tiesas la abitacion tenía mal olor mucho ruido mi esposo salió contagiado del virus covid19 no tienen cuidado todos andan sin mascarilla en el comedor estaban unas personas tociendo no hay hijiene 😏😔😷",Dataloader,Partner Review,Internal Contacts,0058b00000FdW4I,Guest Review,Health & Safety Investigation Level 2,Pending - Vendor,Awaiting Response,Not Applicable,"The towels all stiffs The abitation had a bad smell a lot
----
The towels all stiffs The abitation had a bad smell a lot"
63e1270c1620f06be3e87e8e,02/06/2023T01:00:00.000GMT,24188,1,"we think the mold in the hotel made us sick, we had to move",Customer,"we think the mold in the hotel made us sick, we had to move
----- 
Property is old and in disrepair, we think the mold in the hotel made us sick, we had to move.  But the staff was great, gave us an immediate credit.
The pool area is really nice and it has a good restaurant/bar.",Dataloader,Partner Review,Internal Contacts,0058b00000FdW4I,Guest Review,Health & Safety Investigation Level 2,Pending - Vendor,Awaiting Response,Not Applicable,"we think the mold in the hotel made us sick, we had to move
----- 
Property is old and in disrepair, we think the mold in the hotel made us sick, we had to move.  But the staff was great, gave us an immediate credit.
The pool area is really nice and it has a good restaurant/bar."
63e2a93ebfc7341a5dc5bae7,02/07/2023T01:00:00.000GMT,31959789,1,"Otherwise the room was very very very very cold, impossible to sleep, my daughter and I are still very sick from this horrible night, we had 2 blankets and it was not enough, so I told them that we had to leaving for our train at 5am, no one offered ",Customer,"Otherwise the room was very very very very cold, impossible to sleep, my daughter and I are still very sick from this horrible night, we had 2 blankets and it was not enough, so I told them that we had to leaving for our train at 5am, no one offered to go breakfast. . .
----- 
First of all they ask me to pay before leaving ""the hotel"" for our event there and leave the room key there. I thought we were in a ""Hotel"" not a ""Boarding school"" as the Expedia description. Otherwise the room was very very very very cold, impossible to sleep, my daughter and I are still very sick from this horrible night, we had 2 blankets and it was not enough, so I told them that we had to leaving for our train at 5am, no one offered to go breakfast. . . even though I paid for it. The big problem was the dirt, the bed and all the equipment was very very dirty and smelled very bad. Never ever again will it be free. And never again Expedia too... normally I had to pay 27 euros only but they told me, because you booked with Expedia, you have to give us, more money, it was around 4 euros, that's not that's much it's just for the principle.",Dataloader,Partner Review,Internal Contacts,0058b00000FdW4I,Guest Review,Health & Safety Investigation Level 2,Pending - Vendor,Awaiting Response,Not Applicable,"Otherwise the room was very very very very cold, impossible to sleep, my daughter and I are still very sick from this horrible night, we had 2 blankets and it was not enough, so I told them that we had to leaving for our train at 5am, no one offered to go breakfast. . .
----- 
First of all they ask me to pay before leaving ""the hotel"" for our event there and leave the room key there. I thought we were in a ""Hotel"" not a ""Boarding school"" as the Expedia description. Otherwise the room was very very very very cold, impossible to sleep, my daughter and I are still very sick from this horrible night, we had 2 blankets and it was not enough, so I told them that we had to leaving for our train at 5am, no one offered to go breakfast. . . even though I paid for it. The big problem was the dirt, the bed and all the equipment was very very dirty and smelled very bad. Never ever again will it be free. And never again Expedia too... normally I had to pay 27 euros only but they told me, because you booked with Expedia, you have to give us, more money, it was around 4 euros, that's not that's much it's just for the principle."
63e1809b9b665768329ca775,02/06/2023T01:00:00.000GMT,882765,4,Our balcony doors did not lock (a safety concern) and our toilet did not flush properly.,Balcony,"Our balcony doors did not lock (a safety concern) and our toilet did not flush properly.
----- 
This is our 4th time here. We are actually first club members, but did not use our membership this time. Perhaps because it was off -season, there were challenges from our previous visits, but we never would have bought our membership is it was at the same quality as it was this visit. We had a third floor suite that leaked to the point we had to put towels on the floor to absorb the noise of the constant dropping. Our balcony doors did not lock (a safety concern) and our toilet did not flush properly. We did mention this, but nothing was done. There were a group of us, and we all had issues with our rooms, from no locking balcony doors (on the first floor, so important), to no hot water all week, no restocking of toilet paper (we had to raid a trolly when we found an open service door). The food selection was definitely not as good as the previous 3 times to the resort, but again, perhaps due to time of year or perhaps supply issues. Not sure we'll go back to this particular resort again.",Dataloader,Partner Review,Internal Contacts,0058b00000FdW4I,Guest Review,Health & Safety Investigation Level 1,Pending - Vendor,Awaiting Response,Not Applicable,"Our balcony doors did not lock (a safety concern) and our toilet did not flush properly.
----- 
This is our 4th time here. We are actually first club members, but did not use our membership this time. Perhaps because it was off -season, there were challenges from our previous visits, but we never would have bought our membership is it was at the same quality as it was this visit. We had a third floor suite that leaked to the point we had to put towels on the floor to absorb the noise of the constant dropping. Our balcony doors did not lock (a safety concern) and our toilet did not flush properly. We did mention this, but nothing was done. There were a group of us, and we all had issues with our rooms, from no locking balcony doors (on the first floor, so important), to no hot water all week, no restocking of toilet paper (we had to raid a trolly when we found an open service door). The food selection was definitely not as good as the previous 3 times to the resort, but again, perhaps due to time of year or perhaps supply issues. Not sure we'll go back to this particular resort again."
63e264b2bfc7341a5dc4af1f,02/07/2023T01:00:00.000GMT,3866771,-1,"Hotel com toalhas velhas, bidê, suíte com varanda sem proteção, parapeito baixo.",Balcony,"Hotel com toalhas velhas, bidê, suíte com varanda sem proteção, parapeito baixo.
----- 
Hotel com toalhas velhas, bidê, suíte com varanda sem proteção, parapeito baixo.",Dataloader,Partner Review,Internal Contacts,0058b00000FdW4I,Guest Review,Health & Safety Investigation Level 1,Pending - Vendor,Awaiting Response,Not Applicable,"Hotel with old towels, bidê, suite with unprotected balcony, low railing.
------
Hotel with old towels, bidê, suite with unprotected balcony, low railing."
63e25862de200418ee5bc7d9,02/07/2023T01:00:00.000GMT,71948637,-1,下雨天園區內有些道路泥濘，石板地易滑，須謹慎行走。,Injury,"下雨天園區內有些道路泥濘，石板地易滑，須謹慎行走。
----- 
務必確認房費是否包含傳藝中心入場券或其他票券。因為訂房資訊沒有提到會送入場券，我們第一天自己買票進傳藝中心玩到傍晚才入住。辦理住房時收到票券，覺得扼腕。
強烈建議請飯店將行李送到房間。沒有平整的道路直達房間。在石子路上拖行，行李箱輪子可能會損壞。退房時也可請飯店將行李送至大廳。
下雨天園區內有些道路泥濘，石板地易滑，須謹慎行走。四處可見「小心地滑」的標示。
夜間在園區的燈光及指引不足。
陽台沒有景觀，也沒有戶外桌椅，只有未經整理的竹林、枯葉，以及隔壁彷彿廢墟的建築物，還有過去住客留下的菸蒂。
響應環保，房間內不提供瓶裝水。從房間前往飲水機裝水，有一小段路是沒有走廊或棚架遮蔽的，會淋雨。
喜歡房內的獨立空調。非中央空調。易於調整溫度或運轉模式。
浴室內有明顯霉斑，木作也多有變形，充分感受到宜蘭潮濕氣候對硬體設備的影響。水壓充足、溫度穩定。
床很好睡。枕頭略低。豪華一大床僅提供兩個枕頭。
早餐提供現煮的麵食，味道不錯。其他早餐品項的口味一般。
停車場與傳藝中心共用。
以上種種缺點，若是在晴天入住，想必會有截然不同的感受。",Dataloader,Partner Review,Internal Contacts,0058b00000FdW4I,Guest Review,Health & Safety Investigation Level 2,Pending - Vendor,Awaiting Response,Not Applicable,"There are some roads in the park in the rainy days, and the slate is easy to slip, and you must walk carefully.
------
Be sure to confirm whether the housing fee contains the admission voucher or other tickets.Because the booking information is not mentioned, we will send the voucher, and we buy tickets on the first day to enter the art center to play until the evening.When I received a ticket when I handled the housing, I felt frustrated.
It is strongly recommended to ask the restaurant to send your luggage to the room.There is no flat road to the room.Drag on the stone road, the luggage wheel may be damaged.You can also ask the restaurant to send your luggage to the lobby when you check out.
There are some roads in the park in the rainy days, and the slate is easy to slip, and you must walk carefully.""Carefully slip"" marks everywhere.
The lights and guidelines in the park were insufficient at night.
There are no landscapes on the balcony, and there are no outdoor tables and chairs. There are only unpredictable bamboo forests, dead leaves, as well as buildings like ruins next door, and cigarette buttons left by guests in the past.
In response to environmental protection, no bottle water is provided in the room.From the room to the water dispenser to load water, there is a small section of the road without a corridor or a scaffolding, which will rain.
Like an independent air conditioner in the room.Non -central air conditioner.Easy to adjust temperature or operation mode.
There are obvious mildew in the bathroom, and the wooden works are mostly deformed. It fully feels the impact of Yilan's humid climate on hardware equipment.Poor water pressure and stable temperature.
The bed is very good to sleep.The pillow is slightly lower.There are only two pillows in a large luxury bed.
Breakfast provides cooked pasta, which tastes good.The taste of other breakfast items is average.
Parking lots are shared with the Education Center.
If the above shortcomings, if you stay in a sunny day, you must have a completely different feeling."
