NaturalId,SentenceId,Source,ADM_EXPEDIAHOTELID,CB Date of Creation,Document Date,HA_HOTELNAME,HR_DISPLAYLOCALE,HR_TPID,REVIEW_TITLE,Sentence,VerbatimType,Verbatim,Topic
63e0df9219d00a0fb0928edc,8182166965,NOT SPECIFIED,2202530,1675685650117,06/02/2023 11:08:02 CST,residhotel galerie tatry,fr_fr,-1,moyen moyen,Hotel calme sauf alarme incendie la première nuit .ça a duré bcp trop longtemps.,HR_REVIEWTEXT,"Hotel calme sauf alarme incendie la première nuit .ça a duré bcp trop longtemps. Chambre RELATIVEMENT propre, brûlures cigarette sur le sol, sanitaires propres mais odeur d égouts très importantes le premier soir, fenetre immonde pleine de dejections de pigeons HORRIBLE. Peu de papier wc disponible. Sinon pour le prix on va dire que ça va. HEUREUSEMENT que la chambre etait calme.",Fire
63e256dc889b102e37afc2a1,8182636981,NOT SPECIFIED,17940,1675781762413,07/02/2023 13:49:16 CST,hotel classique,en_ca,4,,Went 36 hours with no smoke alarm and then one beeping every 30min,HR_REVIEWTEXT,"not updated, microwave caught on fire(18 years old and dirty), smoke alarms not working due to no batteries available on site, no first aid on site.  Went 36 hours with no smoke alarm and then one beeping every 30min",Fire
63e256dc889b102e37afc2a1,8182636980,NOT SPECIFIED,17940,1675781762413,07/02/2023 13:49:16 CST,hotel classique,en_ca,4,,"not updated, microwave caught on fire(18 years old and dirty), smoke alarms not working due to no batteries available on site, no first aid on site.",HR_REVIEWTEXT,"not updated, microwave caught on fire(18 years old and dirty), smoke alarms not working due to no batteries available on site, no first aid on site.  Went 36 hours with no smoke alarm and then one beeping every 30min",Fire
63d7fa7af013ca1b8c06f267,8180587163,NOT SPECIFIED,1147785,1675351903733,30/01/2023 17:12:26 CST,la quinta inn & suites by wyndham laredo airport,es_mx,1,,"No me gustó que cuando encendí la calefacción la habitación se empezó a llenar de humo, lo reportamos a Front Desk y la chica como que no nos creía y nos decía que no nos iba a cambiar de habitación a pesar de que nosotras solo estabamos reportando el incidente.",HR_REVIEWTEXT,"Lo escogí por su cercanía a la arena y estaba a buen precio. No me gustó que cuando encendí la calefacción la habitación se empezó a llenar de humo, lo reportamos a Front Desk y la chica como que no nos creía y nos decía que no nos iba a cambiar de habitación a pesar de que nosotras solo estabamos reportando el incidente. Finalmente fue a la habitación se dio cuenta de la humadera y nos cambió de habitación",Fire
63e0f1429b665768329a27c4,8182189696,NOT SPECIFIED,1157661,1675690098376,06/02/2023 12:23:30 CST,apart-hotel serrano recoletos,es_es,-1,para repetir,A pesar de que la primera noche saltó la alarma contra incendios,HR_REVIEWTEXT,"A pesar de que la primera noche saltó la alarma contra incendios y nadie informaba de si era o no una falsa alarma, a las 3h de la madrugada, tengo que decir que la estancia alli fie perfecta por la ubicación,  limpieza y amabilidad del personal.  Sin duda repetiremos. Muchas gracias",Fire
63e0f1429b665768329a27c4,8182189697,NOT SPECIFIED,1157661,1675690098376,06/02/2023 12:23:30 CST,apart-hotel serrano recoletos,es_es,-1,para repetir,"nadie informaba de si era o no una falsa alarma, a las 3h de la madrugada, tengo que decir que la estancia alli fie perfecta por la ubicación, limpieza y amabilidad del personal",HR_REVIEWTEXT,"A pesar de que la primera noche saltó la alarma contra incendios y nadie informaba de si era o no una falsa alarma, a las 3h de la madrugada, tengo que decir que la estancia alli fie perfecta por la ubicación,  limpieza y amabilidad del personal.  Sin duda repetiremos. Muchas gracias",Fire
63d76a3dc8d6d95ebaf35e06,8179353587,NOT SPECIFIED,1757986,1675065803487,30/01/2023 06:57:01 CST,room mate óscar,es_es,-1,muy buen staff,El único problema que tenía mi habitación es que la alarma de incendios emitía un beep todo el rato y era un poco incómodo si quieres silencio.,HR_REVIEWTEXT,"El staff siempre ha estado súper amigable y dispuesto a ayudar.
La habitación estuvo muy bien también, amplia, cómoda y bien decorada. El único problema que tenía mi habitación es que la alarma de incendios emitía un beep todo el rato y era un poco incómodo si quieres silencio.",Fire
63d7b0a2997d081da0c7def5,8179408346,NOT SPECIFIED,81277,1675087841260,30/01/2023 11:57:22 CST,astoria hotel,nl_nl,11,,"Een ruziënd stel had het brandalarm geactiveerd, waardoor alle stroom uitviel.",HR_REVIEWTEXT,"De ontvangst was vriendelijk, de kamer netjes en schoon. Het shampooflesje bij de douche bleek leeg te zijn, kreeg direct 2 kleine flesjes. Een ruziënd stel had het brandalarm geactiveerd, waardoor alle stroom uitviel. De personeelsleden probeerden dit zo snel mogelijk op te lossen. Het hotel ligt vlakbij het stadspark, wat een leuke wandelmogelijkheid bood.",Fire
63d89e518c2eab5395c4766e,8179695702,NOT SPECIFIED,28014,1675144731080,31/01/2023 04:51:29 CST,days inn by wyndham kelowna,en_ca,-1,"basic, but sufficient","There was a hole in the bathroom wall, and no smoke detector (wires cramped, but hanging down).",HR_REVIEWTEXT,"Basic hotel, decent for a place to sleep and for the price.  There was a hole in the bathroom wall, and no smoke detector (wires cramped, but hanging down).  There was a fridge and microwave in the room which was convenient.  Breakfast was basic and minimal with many items being empty (no bacon, no bagels and juiced was watered down, only a few of the items that were there).  Staff were friendly and location was good for our needs.",Fire
63dfdc3f34859f7986c6d3c1,8181854972,NOT SPECIFIED,1112195,1675619652449,05/02/2023 16:41:35 CST,olympia,en_au,29,,No apparent fire escape and no smoke detectors.,HR_REVIEWTEXT,"This hotel was really bad. It had a disgusting carpet, chipped paint everywhere, beds looked like they’d come from a garage sale. Old bed with k-pock mattress with mattress protector. All bulbs missing from bedside lights. No fridge. One mug provided for 3 people. Bathroom door didn’t shut, masking tape left around top of bathroom ceiling. No bath mat provided and no hand towel. When we asked for an extra towel they didn’t turn up. Very narrow stairs for 3 stories with no lift. Very difficult to get luggage up. No apparent fire escape and no smoke detectors. Flimsy lock on door. Don’t know how this hotel passed any inspection. Substandard! Staff surly and unhelpful.",Fire
63d94136837deb7755712ad6,8179865747,NOT SPECIFIED,911448,1675186238572,31/01/2023 16:26:30 CST,leonardo hotel newcastle  - formerly jurys inn,en_gb,3,,No hot water due to boiler issue which they seem to be having frequently and fire alarms going off due to a fault,HR_REVIEWTEXT,"Rooms are very tired, think unrefurbished travelodge. No hot water due to boiler issue which they seem to be having frequently and fire alarms going off due to a fault",Fire
63db9b6154d6022716b18e78,8180558069,NOT SPECIFIED,5087882,1675345891309,02/02/2023 11:15:45 CST,yelf's hotel,en_gb,-1,below even the lowest standards expected.,"They complained about rooms smelling of smoke, rodents running through the ceiling/floor space throughout the night, being sited away from the main hotel, fire door to roof in one room not initially able to be closed, no parking available and generally run down and in places filthy.",HR_REVIEWTEXT,"Yelf's hotel is in an appalling state. I have stayed before and had reservations about rebooking for female members of my team. They complained about rooms smelling of smoke, rodents running through the ceiling/floor space throughout the night, being sited away from the main hotel, fire door to roof in one room not initially able to be closed, no parking available and generally run down and in places filthy.",Fire
63d7c0f4b19fcb4e0e2fcf98,8182509730,NOT SPECIFIED,69700938,1675754973417,30/01/2023 13:07:00 CST,kuukum tulum hotel,en_ie,-1,would not book again,"It was not a health and safety check which we learned from other guests but there had been a fire in one of the rooms, the next day the staff was running around putting up fire exit signs and installing fire extinguishers, so we learned the hotel had no Fire plans.",HR_REVIEWTEXT,"It was a really nice hotel BUT! We lost electricity twice for more than 6 hours at a time and the staff really did not care, we lost water for a whole day and the staff did not care. We arrived back at the hotel one day and there were police everywhere when we asked what had happened the staff told us it was just a health and safety check, we also learned that the police had closed the hotel to the public but the hotel management kept it open. It was not a health and safety check which we learned from other guests but there had been a fire in one of the rooms, the next day the staff was running around putting up fire exit signs and installing fire extinguishers, so we learned the hotel had no Fire plans. So we were lied to by the staff which made us feel very unsafe. Twice we asked the staff to change our bedsheets because there were brown marks all over them, this was never done during our stay, also the towels in the room had holes in them. There is a lot of building work going on in the area but that did not worry us, the walk into town is about 25 minutes and there is no street lighting.",Fire
63df76c448845944dd7df701,8181711852,NOT SPECIFIED,2256301,1675596589600,05/02/2023 09:28:36 CST,skara konsthotell,sv_se,-1,,Det gick ett brandlarm då vi var där.,HR_REVIEWTEXT,"Det gick ett brandlarm då vi var där. Vi satt i matsalen
Personalen var väldigt lugnt och när allt var över så var de extremt servicevänliga

En sak som är sådär är att det inte är riktiga dubbelsängar utan två sängar som står ihop. Dvs glider isär om man är två",Fire
63e147524807715606c403f4,8182315914,NOT SPECIFIED,76838492,1675712811151,06/02/2023 18:30:42 CST,hamilton hotel,en_gb,3,,"Fire extingushers were located on the floor, not on the wall and were being used to prop the outside door open while cleaners were outside in the morning having a smoke.",HR_REVIEWTEXT,"The facilities were great but service was poor. I knew when booking that there was nobody on site but the emergency number was not answered quickly enough and the telephone number on the side of the property does not exist. The fire alarm went off at 5.45am so everyone evacuated but it was 40mins until the emergency number was answered and another half hour before the fire alarm engineer came out. There are no fire procedures in the rooms and no evacuation plan. This is particularly worrying with nobody on site. Luckily it was a false alarm and not a real fire. Fire extingushers were located on the floor, not on the wall and were being used to prop the outside door open while cleaners were outside in the morning having a smoke.",Fire
63e147524807715606c403f4,8182315911,NOT SPECIFIED,76838492,1675712811151,06/02/2023 18:30:42 CST,hamilton hotel,en_gb,3,,There are no fire procedures in the rooms and no evacuation plan.,HR_REVIEWTEXT,"The facilities were great but service was poor. I knew when booking that there was nobody on site but the emergency number was not answered quickly enough and the telephone number on the side of the property does not exist. The fire alarm went off at 5.45am so everyone evacuated but it was 40mins until the emergency number was answered and another half hour before the fire alarm engineer came out. There are no fire procedures in the rooms and no evacuation plan. This is particularly worrying with nobody on site. Luckily it was a false alarm and not a real fire. Fire extingushers were located on the floor, not on the wall and were being used to prop the outside door open while cleaners were outside in the morning having a smoke.",Fire
63e4ee45de200418ee6309d9,8183109509,NOT SPECIFIED,5583,1675951361151,09/02/2023 12:59:49 CST,hotel saint dominique,fr_fr,-1,,Seul pb ce matin la alarme incendie déclenché erreur à 8h du matin ( reveil difficile ) Personnel accueillant,HR_REVIEWTEXT,"Super hôtel ! Seul pb ce matin la alarme incendie déclenché erreur à 8h du matin ( reveil difficile ) 
Personnel accueillant",Fire
63d7c4917ab1854ffb7199a5,8179416202,NOT SPECIFIED,187442,1675091523292,30/01/2023 13:22:25 CST,redhill tamworth motor inn & conference centre,en_au,70125,,"No smoke alarm in the rooms, unfinish work to ceiling need to be completed",HR_REVIEWTEXT,"No smoke alarm in the rooms, unfinish work to ceiling need to be completed",Fire
63e1180c1691da7d759415d5,8182742015,NOT SPECIFIED,4589652,1675803520391,06/02/2023 15:09:00 CST,belvedere guest house,en_gb,3,,"smoke detector hanging down, tv cable did not reach the plug, bathroom door handle missing, shower head holder missing/damaged, window did not shut, lamp shade turn beds were very old and un comfy.",HR_REVIEWTEXT,"Terrible place, dirty, dark and dingy even in the day time.
smoke detector hanging down, tv cable didnt reach the plug, bathroom door handle missing, shower head holder missing/damaged, window didnt shut, lamp shade turn beds were very old and un comfy. 
 
wish i had spent the extra £20 and got a travel lodge. 

even for a dirt cheap over night this place it not worth it.",Fire
63da020a538cd65087a90df1,8180086876,NOT SPECIFIED,8704,1675236156255,01/02/2023 06:09:14 CST,thistle london marble arch,en_gb,3,,"for the first hour or so, there was almost no visible organisation from staff at the hotel when the fire alarm was going off",HR_REVIEWTEXT,"This was a really disappointing stay, the hotel had no water for most of our stay and no hot water at all. The fire alarm went off at 12.30am and for the first hour or so, there was almost no visible organisation from staff at the hotel when the fire alarm was going off. Guests were going back inside to try and find out what was happening. It does not bear thinking about the consequences of such a lack of organisation if there really had been a fire. Genuinely shocking.",Fire
63dfb1a398d79b07d55f2d67,8181774226,NOT SPECIFIED,904736,1675608754176,05/02/2023 13:39:47 CST,the waterside inn,en_ca,4,,There was a broken smoke detector above the kitchen.,HR_REVIEWTEXT,"First room we were put into was a joke. Stains on the carpets and parkay floors. The shower wall was stained. The bed sheets had stains. There was a broken smoke detector above the kitchen. We were on the 10th floor and outside below us, there was a shed that housed large garbage bins. The doors that were locked moved everytime there was a wind. The noise was very bothersome. The phones, all of a sudden, stopped working. We found out later the phone system went out throughout the hotel. The wifi was hit and miss (mostly miss). We asked to be moved. We were moved to the 4th floor right across the elevators. The room was more updated than the first. The beds were hard and uncomfortable. One bed was on an angle. At night, the elevator made a clanging noise everytime it moved. This happened throughout the night. The last night we were there, there were loud bangs that woke us up. No one knows why. The hotel in general needs a face lift. We stayed at this hotel about 10 years ago and it looks like nothing was done to it. We will never stay there again.",Fire
63dd95fbdc57313b6db87651,8181125676,NOT SPECIFIED,89583306,1675471516059,03/02/2023 23:17:15 CST,varindavan park serviced residences,nb_no,-1,biggest horror hotel in the world (bangkok),It is the biggest fire hazard that I have EVER seen in my entire life.,HR_REVIEWTEXT,"We booked two rooms for 6 or 7 nights at this hotel in Bangkok for 4 people (2 couples). Hotels.com promoted this hotel as a 4 star hotel on their website. It was also supposed to be within a walking distance from the Sky train where they forgot to mention that it takes more then 30 minutes to walk there. I give this hotel 1/4 of a star and that is me being FAIR. It's the biggest fire hazard that I have EVER seen in my entire life. Hotels.com ended up charging us for 1 night at this hotel, despite to exstreme complaints from our side and they only refunded 5 or 6 nights, GREAT JOB Hotels.com. They did not want to reimburse us by upgrading us to a real 4 star hotel. Instead they gave us a joke coupon that doesn't even work when using it in a different currency then GBP. I WILL NEVER USE HOTELS.COM ever again. Hotels.com should be ashamed for offering this to people!!!!!!!!!!!! and !!!!!!!!!!!!",Fire
63e1312c1691da7d7594a004,8182291102,NOT SPECIFIED,11111195,1675708489805,06/02/2023 16:56:12 CST,david plaza hotel,pt_br,-1,12 horas de escuridão,"Boa hospedagem,poderiam melhorarem as televisões,de tubos e ultrapassadas e sem opções de programação,ocorreu uma queda de energia noturna de 12 horas,faltou uma luz de emergência no apartamento,complicado isso.",HR_REVIEWTEXT,"Boa hospedagem,poderiam melhorarem as televisões,de tubos e ultrapassadas e sem opções de programação,ocorreu uma queda de energia noturna de 12 horas,faltou uma luz de emergência no apartamento,complicado isso.",Fire
63dfa7bfc5809a761e449998,8181757224,NOT SPECIFIED,4934543,1675606449981,05/02/2023 12:57:35 CST,the pavilion guest house,en_ca,4,,"No fire escape, only front door access down narrow winding staircase to front door.",HR_REVIEWTEXT,"Shocking discovery, more a boarding house, certainly not a guest house. Dirty carpet in room, mold on walls in corners around window, an old bed and stained dirty mattress with no hotel standard mattress protector covering or pillow protectors hotel standard. No heating. Low water pressure in bathroom. Served beverage that had mold in, which leads to concern over kitchen & food health & safety. No fire escape, only front door access down narrow winding staircase to front door. Inappropriate hostess conversations, warning of fire alarms going off in the night. A terrifying experience. We had to depart after second night, once we found alternative accommodation. Had to buy a duvet in local Tesco to separate  us from dirty mattress.",Fire
63dfa7bfc5809a761e449998,8181757225,NOT SPECIFIED,4934543,1675606449981,05/02/2023 12:57:35 CST,the pavilion guest house,en_ca,4,,"Inappropriate hostess conversations, warning of fire alarms going off in the night.",HR_REVIEWTEXT,"Shocking discovery, more a boarding house, certainly not a guest house. Dirty carpet in room, mold on walls in corners around window, an old bed and stained dirty mattress with no hotel standard mattress protector covering or pillow protectors hotel standard. No heating. Low water pressure in bathroom. Served beverage that had mold in, which leads to concern over kitchen & food health & safety. No fire escape, only front door access down narrow winding staircase to front door. Inappropriate hostess conversations, warning of fire alarms going off in the night. A terrifying experience. We had to depart after second night, once we found alternative accommodation. Had to buy a duvet in local Tesco to separate  us from dirty mattress.",Fire
63dbb5cf0ff10302fdfde5e4,8180727839,NOT SPECIFIED,185277,1675377083435,02/02/2023 13:08:31 CST,riande urban hotel,en_ca,4,,The room we were giving had not water and no smoke alarm !,HR_REVIEWTEXT,The room we were giving had not water and no smoke alarm ! Would never recommend this hotel to stay at !,Fire
63e4d059de200418ee62b5d5,8183104288,NOT SPECIFIED,5384237,1675945465844,09/02/2023 10:52:09 CST,"villa brown rothschild, a member of brown hotels",de_de,-1,wir werden nicht wieder dort buchen,Am nächsten Morgen um 6.00 Uhr wurden wir durch den Feueralarm geweckt.,HR_REVIEWTEXT,"Wir haben das Zimmer wegen der Lage und des vermeintlich günstigen Preises gebucht ... und dem kostenlosen Parkplatz - so weit, so gut ... ! Der Parkplatz war in einem anderen Hotel, nur 300 m entfernt, aber in einer Einbahnstraße, wir brauchten 30 min, um das Auto nach der Ankunft im Verkehrschaos dorthin zu bringen. Der Empfang war freundlich, man erklärte uns, dass das Frühstück im Hotel serviert wird, wo auch der Parkplatz ist (300m entfernt). Unser Zimmer war dann im Keller mit Blick nach hinten. Ohne die Möglichkeit einen richtigen Sichtschutz zu haben. Die Betten und das Zimmer waren soweit in Ordnung. Das Bad war aber renovierungsbedürftig. Am nächsten Morgen um 6.00 Uhr wurden wir durch den Feueralarm geweckt. Wir zogen uns an, liefen zur Rezeption, niemand da. Im ganzen Hotel kein Personal, aber auch kein Feuer. Die anderen Gäste haben sich dann vor dem Hotel versammelt und gewartet. Um 6.45 Uhr ist dann Jemand gekommen und hat die Anlage abgeschaltet. Keine Entschuldigung vom Hotel. Frühstück gab es dann doch in diesem  Hotel, aber wir mussten bis nach 8.00 Uhr warten, weil noch nicht alles fertig war. Alles etwas chaotisch und nicht wirklich zu angenehm..",Fire
63dd1d5e987eb273bb9c035a,8180996368,NOT SPECIFIED,857795,1675439555519,03/02/2023 14:42:38 CST,fletcher hotel nieuwvliet bad,de_de,6,,Nach einem Feueralarm durch die Rauchmelder standen alle Gäste auf dem Flur und wussten nicht was sie tun sollten.,HR_REVIEWTEXT,"Tolle Lage des Hotels, direkt am Strand.
Frühstück und Diner ist gut  die Zimmer sind allerdings etwas klein. 
Nach einem Feueralarm durch die Rauchmelder standen alle Gäste auf dem Flur und wussten nicht was sie tun sollten. Personal war nicht im Haus, nach 20 Minuten kam dann die Feuerwehr und gab Entwarnung.",Fire
63dfba1fc5809a761e44c895,8181802718,NOT SPECIFIED,14638889,1675612158243,05/02/2023 14:15:59 CST,capetonian hotel,en_gb,3,,Worst of all there was a fire and it turned out to be in room 801;,HR_REVIEWTEXT,"The hotel is not 4* more like 2*. On Expedia when booking it said free breakfast, hotel said not free. The hotel should be closed to review wiring - the place is unsafe - tv and kettle wired into one plug. Worst of all there was a fire and it turned out to be in room 801; we were in 802. Couldn't hear fire alarm, only a faint sound which sounded like a car alarm in the distance. Got out of bed and realised I could smell smoke. Looked out of peep hole and could see smoke in corridor. We got out of room, no sign of a fire escape, saw staff members with fire extinguishers in corridor. It was the very old wall mounted air con unit in 801 which started the fire. I believe we were very lucky, if the fire had spread nearer to the door, I'm not sure we would have been able to get out. Anyway fortunately we were near to the main staircase and we got out to the front of the building. There was no-one telling us what to do, no-one saying where to gather, people going in and out of reception, people using the lifts, some people on balconies not bothering to come down and hotel staff still sitting behind reception. When it was over, we couldn't go back to our room because of the smoke and soot so were moved to another room. Managed to get to sleep and about two hours later we heard a faint alarm again; my friend went down to reception to be told they thought there was a technical problem so they'd switched the system off. Shut it down until electrics are safe and a proper fire procedure",Fire
63d77895c8d6d95ebaf38a9b,8179359663,NOT SPECIFIED,45672,1675069588540,30/01/2023 07:58:13 CST,russell court hotel,es_es,9,,Hasta las 3 de la mañana la alarma de incendios SONÓ 4 VECES.,HR_REVIEWTEXT,"PROBLEMAS:
Tiene una discoteca debajo debido a la cual tiemblan las habitaciones hasta las 3 de la mañana como mínimo. La habitación no tiene capacidad de regular la calefacción y la tienen muy muy alta. Hace extremado calor y la ventana se abre menos de un palmo. 
En la discoteca suelen fumar en el baño por lo que la alarma de incendios suele saltar. Hasta las 3 de la mañana la alarma de incendios SONÓ 4 VECES.
El día que se queme el hotel de verdad morirán todos. 
Solo puedo decir bueno que el personal fue amable y nos devolvió el dinero tras explicar que no queríamos hospedarnos allí. 
O hotel o discoteca pero las dos son incompatibles.",Fire
63d77895c8d6d95ebaf38a9b,8179359662,NOT SPECIFIED,45672,1675069588540,30/01/2023 07:58:13 CST,russell court hotel,es_es,9,,En la discoteca suelen fumar en el baño por lo que la alarma de incendios suele saltar.,HR_REVIEWTEXT,"PROBLEMAS:
Tiene una discoteca debajo debido a la cual tiemblan las habitaciones hasta las 3 de la mañana como mínimo. La habitación no tiene capacidad de regular la calefacción y la tienen muy muy alta. Hace extremado calor y la ventana se abre menos de un palmo. 
En la discoteca suelen fumar en el baño por lo que la alarma de incendios suele saltar. Hasta las 3 de la mañana la alarma de incendios SONÓ 4 VECES.
El día que se queme el hotel de verdad morirán todos. 
Solo puedo decir bueno que el personal fue amable y nos devolvió el dinero tras explicar que no queríamos hospedarnos allí. 
O hotel o discoteca pero las dos son incompatibles.",Fire
63e11e871691da7d759430a0,8182252521,NOT SPECIFIED,46291442,1675702673986,06/02/2023 15:36:39 CST,avalon suites yorkville,en_ca,4,,a smoke alarm chirped outside my door every few minutes for 4 days & nights,HR_REVIEWTEXT,"The suite was lovely but I waited 25 min for someone to meet me to let me in. They refused to answer the phone when I tried to call to see what was taking so long. The dishwasher was full of water when I arrived, and a smoke alarm chirped outside my door every few minutes for 4 days & nights. I emailed 3 days to ask for help but received none.",Fire
63df796998d79b07d55e965b,8181697630,NOT SPECIFIED,64112590,1675593900526,05/02/2023 09:39:53 CST,okko hotels lille centre,fr_fr,20,,Dommage l’ alarme incendie en pleine nuit…cela peut arriver mais le réveil est difficile !!,HR_REVIEWTEXT,"Très bel établissement a la décoration épurée.
Dommage l’alarme incendie en pleine nuit…cela peut arriver mais le réveil est difficile !!",Fire
63dfe47098d79b07d55fbca4,8181871642,NOT SPECIFIED,89973357,1675621315696,05/02/2023 17:16:32 CST,lovely oasis near waterfront & downtown,en_ca,4,,the fire alarm was hanging from the ceiling by its wires and the wood slats in the bed frame were broken,HR_REVIEWTEXT,"The room was clean and overall a good place to stay. Attention to detail is missing though. The hand soap in the bathroom was empty, the fire alarm was hanging from the ceiling by its wires and the wood slats in the bed frame were broken. If those things get tidied up then this is an excellent place to stay.",Fire
63e0ceec1620f06be3e70c84,8182167220,NOT SPECIFIED,69789877,1675685825182,06/02/2023 09:57:00 CST,hotel de eemhof by center parcs,nl_nl,-1,,Erg fijn Alleen jammer dat savonds het brandalarm afging Oorverdovend en lang voor er werd gereageerd Niet echt relaxed natuurlijk Voor de rest prima,HR_REVIEWTEXT,"Erg fijn
Alleen jammer dat savonds het brandalarm afging
Oorverdovend en lang voor er werd gereageerd 
Niet echt relaxed natuurlijk 
Voor de rest prima",Fire
63e0d9331620f06be3e739e9,8182145126,NOT SPECIFIED,1842001,1675684380826,06/02/2023 10:40:51 CST,itc hotel,fr_fr,20,,"Moisissure, détecteur de fumée recouvert de sac plastique.",HR_REVIEWTEXT,"La chambre proposée n’avait rien à voir avec les photos sur le site. 
Chambre en sous sols, salle sombre avec une fenêtre de toit. Qui ne fonctionnait pas. 
J’ai demandé à changer de chambre, la seconde était pire. Moisissure, détecteur de fumée recouvert de sac plastique. Électricité plus que douteuse et dans un état général salle. 
Porte avec pas d’isolation phonique proche des toilette. Donc des aller retour toute la nuit, et des gens qui attendent en discutant devant la porte.
Donc rien à voir avec le prix payer ni les photos. 
A ne surtout pas essayer, échec complet. 
Évidemment ils ont pas voulu faire de geste commercial. 

Je vous déconseille,
Il y a de très bon hôtel, à peine plus chère. 
Qui sont de vrais hôtels.",Fire
63d7d8d8f493f30695766851,8179434304,NOT SPECIFIED,22089,1675094462473,30/01/2023 14:48:56 CST,dragonfly hotel colchester,en_gb,-1,without doubt a fire safety risk,"Said they would ""retrain"" staff re fire safety but will this happen.",HR_REVIEWTEXT,"I will never stay at this hotel again!! The meal situation was a joke only sides and starters available 2 hights out of 3 night stay. Full English breakfast was a joke. Morning one ran out of beans and bacon at 7:30AM, morning 3 no eggs ( given bird flu as an excuse) no bacon and no beans at 7:45am, beans and bacon replenished after a 10 minute wait but beans were cold and only 6 rashers of bacon to satisfy all waiting.
THE MAIN ISSUE THOUGH. The fire alarm in my room had been covered with silver foil which I had not noticed until final morning. When I raised with head h/keeper I was told it was probably done by a previous guest. So much for housekeeping. What else has been missed? Told no managers onsite so asked if they could contact me later in day which did not happen until I raised hotels.com conversation bot then got a call at 9:30PM by ops manager who said he would investigate and get back to me Friday. Chased. This did not happen.Chased again via conv bot on Sat and got call and email from reception with Ops Mgr email only contact since via email and basically fobbed off. They agreed to write off evening meal bill but not pre paid breakfast. Said they would ""retrain"" staff re fire safety but will this happen. I regard the fire alarm issue as a serious lapse of guest safety.",Fire
63de136398d79b07d55b39b1,8181275119,NOT SPECIFIED,83787,1675502418248,04/02/2023 08:12:19 CST,sercotel gran hotel zurbarán,es_es,9,,"Camas pequeñas juntas, que se separan solas y no me caí de milagro.",HR_REVIEWTEXT,"Sábanas sucias y no te las cambian. Me obligaron a cambiarme de habitación porque no tienen personal ¿?. Camas pequeñas juntas, que se separan solas y no me caí de milagro. Instalaciones viejas. De las 4 estrellas le sobran 2. Nunca volveré a este hotel",Injury
63da717bd061aa497da04dcc,8180206292,NOT SPECIFIED,7789009,1675264305677,01/02/2023 14:04:43 CST,nacional inn curitiba torres,pt_br,-1,hotel muito antigo e sem manutenção,"BANHEIRO DO SEGUNDO QUARTO NÃO DAVA PARA SE MEXER, CUIDAVA PARA NÃO BATER O COTOVELO AO LAVAR O CABELO.",HR_REVIEWTEXT,"PÉSSIMO HOTEL, TROQUEI DE APTO DEVIDOS PROBLEMAS AR CONDICIONADO E CHEIRO DE ESGOTO NO BANHEIRO, NO OUTRO QUARTO AR FUNCIONANDO MAS O CHEIRO ESTAVA IGUAL. BANHEIRO DO SEGUNDO QUARTO NÃO DAVA PARA SE MEXER, CUIDAVA PARA NÃO BATER O COTOVELO AO LAVAR O CABELO. CUSTO BENEFICIO PÉSSIMO.",Injury
63de6ddd9c0ca848e1fc5aa9,8181371894,NOT SPECIFIED,6106985,1675525329864,04/02/2023 14:38:21 CST,slz lagoa hotel,pt_br,-1,,Lençois manchados de de sangue,HR_REVIEWTEXT,Lençois manchados de de sangue,Injury
63df6dbb6437445335189ef5,8182144770,NOT SPECIFIED,43437,1675684260450,05/02/2023 08:50:03 CST,paradise resort gold coast,en_au,25,,Imagine one of your guests leaving in an ambulance after being injured at your facility and not even checking to see if they were ok?,HR_REVIEWTEXT,"A resort that promises a kids paradise was unfortunately not our experience. The waterpark is an unsupervised free-for-all and is completely unsafe. Our kids are tweens and we made sure they knew to give way to the little kids but literally 10 minutes in and a group of kids doing a group slide smashed into one of our kids who took her turn on the slide resulting in a badly broken arm. I was worried about the fact the pool water was so cloudy you couldn’t see the bottom and was like gastro soup, but that would have been a better outcome than surgery and 48hrs in hospital on holidays - without even a single courtesy call from the resort or any offer of assistance and not a single follow up email. Imagine one of your guests leaving in an ambulance after being injured at your facility and not even checking to see if they were ok? I get the appeal of this this place and we were influenced by the shiny happy online promise but  be prepared to be lifesaver, paramedic and cleaner during your stay because this resort wipes it’s hands of any responsibility the minute they process your payment.",Injury
63d7f0b5b9a8646509f84cbf,8179474787,NOT SPECIFIED,13316381,1675100912484,30/01/2023 16:30:45 CST,forra diving resort - pattaya beach - koh lipe,da_dk,-1,amazing…..,My brother and I fell just like family there.,HR_REVIEWTEXT,"What a great place to stay. The people at the dive place and restaurant were just amazing. My brother and I fell just like family there. We love the simplicity and the down to earth living. So we can only recommend everyone to stay here for best location, beach, bar and all the people working for the dive or at Kioskino.. Amazing…",Injury
63e17056de200418ee5931e7,8182376732,NOT SPECIFIED,23584189,1675723422725,06/02/2023 21:25:42 CST,hy beach flats,pt_br,-1,deixou a desejar,Marca de sangue no sofá.,HR_REVIEWTEXT,"Apesar de estar escrito na descrição da reserva que ficaríamos no 14º andar. Quando chegamos na recepção nos foi informado que ficaríamos no quarto que estivesse disponível. Ou seja, não ficamos onde gostaríamos. Cheiro muito forte de cigarro nos corredores. Solicitamos dois cobertores na recepção e até agora estamos esperando. Nunca entregaram. A limpeza não é boa. Já que os hospedes anteriores escreveram ""Lucas Gostoso"" no espelho. E ao tomar banho conseguimos ver. Descarga barulhenta. Pia que alagava o banheiro. Marca de sangue no sofá.",Injury
63d9366aaaf260596759a230,8179854063,NOT SPECIFIED,460519,1675183551190,31/01/2023 15:40:26 CST,the lord nelson hotel & suites,en_ca,-1,"ok, nothing special.",your leg will hit the toilet behind you,HR_REVIEWTEXT,"Hotel was ok. The washrooms are super small in the king rooms. you can be brushing your teeth and your leg will hit the toilet behind you, The showers are not great.
Room service did not replace all the towels simply took the dirty ones. Reception staff not overly friendly or happy.",Injury
63d6dbaa98756609a5e90964,8179217814,NOT SPECIFIED,22672900,1675029978979,29/01/2023 20:48:42 CST,sandman signature st. john's hotel,en_ca,-1,terrible stay! would not recommend!,I do not want anyone else to end up in our situation or end up injured!!,HR_REVIEWTEXT,"I had an awful experience during my 2 night stay at the Sandman Hotel St. John’s! After our second night staying there, we got to our vehicle only to be informed by another hotel guest that they had watched ice and snow fall off the slope on the roof of the hotel on top of our Jeep. There was very extensive damage done to our vehicle due to this. If anyone was standing there at the time they would have ended up being extremely hurt or killed. There was a very small sign near the front door of the hotel with beware of falling ice written on it. There needs to be either signage in front of every parking spot near the hotel that could be affected by the falling ice to make people aware, or have the parking spaces closed off for the winter! Nobody would ever notice the tiny sign that they have by the door. The ladies at the desk were EXTREMELY rude and the customer service was terrible. The manager was understanding but basically said it was out of her hands. Myself and my fiancé were obviously upset and the ladies at the desk especially one of them, made it ten times worse. Now we have a ton of damage to fix and nothing that the hotel will do to help us out. Another family staying at the hotel had the same thing happen to them and their truck ended up very damaged. The manager told me to call the head office legal department. I called multiple times, left messages and nobody had the decency to call me back. I don’t want anyone else to end up in our situation or end up injured!!",Injury
63d9d3285d3f6b1f5bfe2ec0,8180030253,NOT SPECIFIED,978539,1675223440843,01/02/2023 02:49:12 CST,hotel michelangelo,pt_br,-1,sucateado decadente,"Hotel sucateado, manchas nos lençóis parecido com sangue, lençóis surrados e sujos, cortina quebrada, controle remoto do ar sem pilha;",HR_REVIEWTEXT,"Viagem a negócios, mas estava muito ruim. Hotel sucateado, manchas nos lençóis parecido com sangue, lençóis surrados e sujos, cortina quebrada, controle remoto do ar sem pilha; e tive que trocar, cama grande porém colchão velho todo deformado. Crianças barulhentas no corredor logo cedo. Móveis com mancha de queimados. Falhou sistema de energia quando estava no banho de manhã; ligava e desligava toda hora. Wi-Fi não funcionou e ainda tinha um aviso de somente hoje não iria funcionar. Mas de 3 dias atrás. Resumo, terrível. Única coisa que salvou foi simpatia dos atendentes. O resto estava decadente. O Hotel Michelângelo em Rio Preto já foi sinônimo de qualidade e boa hospedagem. Hoje está sucateado e não vale o preço que se paga jamais.",Injury
63de8c87bf399a3fff18a61d,8181407342,NOT SPECIFIED,48172019,1675533462916,04/02/2023 16:49:11 CST,girasole apartments,es_us,-1,"cambien sus fotos de la publicación , no son reale","se quedaba en el medio xq estaban hundidos , los edredones todos manchados con cloro , la perilla de la puerta del baño estaba x caerse , las toallas muy viejas , y por último hubo una fuga del baño y chorreaba agua al piso de abajo , lo solucionaron el día sgte , y el día sgte volvió la fuga ,lo único bueno la vista",HR_REVIEWTEXT,"El depar que me tocó M2 , está muy viejo , no era lo q las fotos mostraban , al ingresar se ve su sillón blanco todo viejo pelado , abrí la heladera y chorreaba agua , las camas sus colchones uno se hecha a y se quedaba en el medio xq estaban hundidos , los edredones todos manchados con cloro , la perilla de la puerta del baño estaba x caerse , las toallas muy viejas , y por último hubo una fuga del baño y chorreaba agua al piso de abajo , lo solucionaron el día sgte , y el día sgte volvió la fuga ,lo único bueno la vista",Injury
63d951aaaaf260596759ecc2,8181355300,NOT SPECIFIED,4521162,1675520691556,31/01/2023 17:36:42 CST,hotel l'oiseliere levis,fr_ca,4,,c fait mal et c pas la seul qui faillit tomber,HR_REVIEWTEXT,Mon épouse est tombée dans le marche de la piscine car est était glissante et c fait mal et c pas la seul qui faillit tomber. Notre chambre était très bruitant. Pas de restaurant dans l’établissement.,Injury
63d8ef74c222a43263926fdc,8179784810,NOT SPECIFIED,9055906,1675168426845,31/01/2023 10:37:40 CST,fazzenda park hotel,pt_br,-1,precisa melhorar a parte de comidas e bebidas,O vinho oferecido era estilo legitimo sangue de boi...,HR_REVIEWTEXT,"Local muito bonito e bem cuidado. Piscina muito boa, com a água em temperatura muito agradavel. Ponto a melhorar são as refeições - a variedade poderia ser melhor, sobremesas muito fracas, e o buffet era pequeno para a grande quantidade de pessoas, um verdadeiro tumulto na hora de se servir. Os drinks na piscina também eram fracos, além do chopp, a caipirinha ficava em um balde onde os hospedes se serviam diretamente pegando a bebida com uma concha - segurança sanitária zero. O vinho oferecido era estilo legitimo sangue de boi...",Injury
63e4fdce0772b25c79f13404,8183113899,NOT SPECIFIED,76670724,1675955734463,09/02/2023 14:06:06 CST,utopic by uliv,en_ca,4,,"We DID have to be moved to another (better) room as the bathroom sink was leaking, and the pool of water on the floor created a dangerous slip and fall hazard.",HR_REVIEWTEXT,"The location is perfect and staff were excellent. We DID have to be moved to another (better) room as the bathroom sink was leaking, and the pool of water on the floor created a dangerous slip and fall hazard. Also, hallway and lobby conversations among guests and staff woke me up a few times in the late evening and early morning. We were on the ground floor, so this might be lessened with a room upstairs, but I did want a patio room",Injury
63e04ef8dc57313b6dbf5579,8181997419,NOT SPECIFIED,1807800,1675649097405,06/02/2023 00:51:04 CST,rede andrade cecomtur,pt_br,-1,hospedagem deixou a desejar.,eu precisei de ajuda num certo momento por estar com o pé machucado,HR_REVIEWTEXT,"Equipe da recepção prestativos. O interfone do quarto 1407 não estava funcionando e eu precisei de ajuda num certo momento por estar com o pé machucado. A limpeza do quarto foi básica. As condições do quarto por ser um prédio antigo e que esta passando por reformas esta com fissuras nas paredes, pintura e reboco não plano. Frigobar não gelava muito. Ar condicionado bom. Janelas e cortinas mal apresentadas e emperrava a janela ao abrir. Lençol e travesseiro bom. Banheiro sem janela e sem ventilação forçada (só uma veneziana). Porta papel, porta sabonete, porta toalha, enferrujados e ineficientes. Limpeza do chão não era a melhor, tinha cabelo. Televisão não funcionava os canais. Sem acessibilidade para deficientes físicos. Um amigo que se hospedou neste hotel já tinha me falado.",Injury
63dbc5ef52d0b6453d24b9c9,8180587400,NOT SPECIFIED,29310496,1675352269555,02/02/2023 14:17:19 CST,class hotel passos,pt_br,-1,hotel com h maiúsculo de horrível!!,"Bom primeiro dia meu quarto não tinha papel higiênico ,não tinha toalha para o banho ,a cama parecia ter sido usada e não arrumada e a lençol estava manchado de sangue.",HR_REVIEWTEXT,"Conheço muitos hotéis no mundo dec2 a 5 estrelas ,Class Passo Fundo seguramente está entre os 5 piores hotéis que eu já me hospedei .Hotel com H MAISCULO de HORRIVEL .
Peguei 02 quartos que já haviam hóspedes indesejáveis ""Baratas"" em todos eles ,tirei fotos delas, cama desconfortáveis ,limpeza digna de hotel na rodoviária ,café da manhã fraco sem reposição o que faz vc se atrasar para seus compromissos, estacionamento apertado ,horrível de terra (se vc tem um encontro de trabalho ,o barro vai sujar seu sapato se tiver chovendo).Bom primeiro dia meu quarto não tinha papel higiênico ,não tinha toalha para o banho ,a cama parecia ter sido usada e não arrumada  e a lençol estava manchado de sangue.
Novamente afirmo ,hotel tem aparência de moderno mas a diretoria da Rede Class está destruído este hotel em Passos ,essa unidade seguramente é a pior da rede ,ter um hotel com alta ocupação não significa que ele é o melhor e não precise de manutenção ou uma gerência atuante e competente .
Nota ZERO com louvor e até nunca mais!!",Injury
63de92c448845944dd7bc709,8181421017,NOT SPECIFIED,40674,1675534869954,04/02/2023 17:15:48 CST,hôtel ruby foo's,en_ca,-1,,In room 212 the Bed was not situated properly on the frame and cut my leg on the metal frame sticking out.,HR_REVIEWTEXT,In room 212 the Bed wasn’t situated properly on the frame and cut my leg on the metal frame sticking out. Office chair was broken and couldn’t sit straight in it. Carpet was stained.,Injury
63dd2e1d98d79b07d558ec8a,8181015796,NOT SPECIFIED,23247483,1675443714672,03/02/2023 15:54:05 CST,urban rooms by neu collective,pt_pt,-1,"recomendable, buena atención",Tuvimos un problema de corte de energia y al realizar el reclamo nos brindaron otra habitación en el edificio central.,HR_REVIEWTEXT,Tuvimos un problema de corte de energia y al realizar el reclamo nos brindaron otra habitación en el edificio central. El desayuno muy bueno y la atención del personal excelente.,Injury
63e108c212ac50228bf7115d,8182229507,NOT SPECIFIED,4129350,1675696361258,06/02/2023 14:03:46 CST,hotel estevan,en_ca,4,,I fell very hard to the concrete causing some serious pain.,HR_REVIEWTEXT,"I was walking from the parking lot to the hotel on the sidewalk, and slipped on the ice. I fell very hard to the concrete causing some serious pain. I told the desk attendant about it and they said they would get it taken care of. But the next morning the ice was still there. Not a word from any sorta management on how I was doing or any other mention of the incident. If I was older I would have broken some bones instead of just bruises and soreness.",Injury
63e0dca49b6657683299ef64,8182150962,NOT SPECIFIED,328477,1675684920079,06/02/2023 10:55:32 CST,best western airport motel and convention centre,en_au,25,,"The steps down to my room were small and hazards and as a result i fell and hurt my ankle, i reported this to ohs and situation still continuing at this stage.",HR_REVIEWTEXT,"The steps down to my room were small and hazards and as a result i fell and hurt my ankle,  i reported this to ohs and situation still continuing at this stage. Not resolved as yet but working with management is good.",Injury
63dd5050dc57313b6db7bbec,8181051628,NOT SPECIFIED,7984229,1675452896283,03/02/2023 18:20:00 CST,soft win hotel são luis,pt_br,-1,bom,"O box do banheiro é o ponto negativo do quarto, extremamente pequeno, é impossível se movimentar durante o banho, sem bater o braço no vidro ou na parede.",HR_REVIEWTEXT,"O box do banheiro é o ponto negativo do quarto, extremamente pequeno, é impossível se movimentar durante o banho, sem bater o braço no vidro ou na parede. Achei que era exagero quando li os comentários, mas é real. Café da manhã é cobrado uma taxa de 25 reais por pessoa. Gostamos da localização, nos deslocamos de uber e ficava próximo a tudo.",Injury
63d9142faaf2605967594786,8179816175,NOT SPECIFIED,1675486,1675175767743,31/01/2023 13:14:23 CST,oyo baylis house hotel,en_gb,-1,no very impressed,so she was rather worried she may fall/slip,HR_REVIEWTEXT,"We used the hotel for an overnight stay after a wedding in Windsor.
We arrived late, as we couldn't check in early. We were shown to a room in one of the buildings that was being renovated. We were told the hotel was being upgraded when we checked in , a forewarning may have been helpful though 
The room was clean but 'tired'. My daughter and I got changed for bed then we realised that none of the plug sockets were working. We tried to get through to reception for about half an hour. We rang Hotels com to ask them to help - the 'gentleman' we spoke to was very condescending and rather rude. We had no other booking details and he refused to help.
We finally got through to reception, the young girl came over checked the sockets and said we'd have to move room. We moved next door -in our night clothes - to another room. We had a good night's sleep, although the room was cold 
The following morning my daughter was in the shower when there was a power cut. No windows in the bathroom, so she was rather worried she may fall/slip. Between then and when we checked out there were approximately four more power cuts. When we checked out we complained and was basically brushed off.
Now I know they need to renovate but think we should have been aware before booking.
The picture used is a big grand house, but the hotel is actually round the back, in what I would assume was the out buildings",Injury
63d6fda929cca2232173e852,8179262899,NOT SPECIFIED,988482,1675038014342,29/01/2023 23:13:45 CST,hotel universel montreal,fr_ca,4,,"Aussi, dans une autre chambre, une femme a laissé ses deux enfants aller courir dans le passage à 4:15 du matin et pour revenir dans la chambre, ils cognaient à tue tête",HR_REVIEWTEXT,"Nous sommes restés coucher 2 nuits à cet hôtel. Comme ils acceptent dorénavant les animaux, il y avait un chien dans la chambre en face de la nôtre. Il a jappé à deux reprises durant la nuit ce qui nous a empêché de dormir. Aussi, dans une autre chambre, une femme a laissé ses deux enfants aller courir dans le passage à 4:15 du matin et pour revenir dans la chambre, ils cognaient à tue tête et ils nous ont aussi réveillé. Bien que ce ne soit pas la faute de l'hôtel, nous trouvons que c'est inacceptable. Au niveau de la propreté, c'était correct.",Injury
63e1a7d51691da7d75969443,8182431926,NOT SPECIFIED,62588966,1675736823790,07/02/2023 01:22:29 CST,hacienda don armando boutique & spa,es_mx,12,,Cena con un vinito caliente y un corte excelente.,HR_REVIEWTEXT,"Estuvo increíble. El lugar es extraordinariamente bonito. Calefacción. Jacuzzi climatizado. Alberca. Spa. Desayuno bastante copioso incluido. Cena con un vinito caliente y un corte excelente. Camas cómodas, habitaciones limpias con todo lo necesario. Reciben mascotas. Internet de primera. Precio suuuper accesible. Desde que reservé me contactaron, me mandaron un pdf con información, y se pusieron a las ordenes. Diseñaron un tour personalizado de acuerdo a nuestras intenciones. Amables y resolutivos al llegar.
Mil veces recomendable, y definitivamente regresaría.",Injury
63daaf95e4c5da6df9729082,8180276833,NOT SPECIFIED,8150674,1675280338547,01/02/2023 18:29:41 CST,amoaras resort,pt_br,-1,decepcionante,"Decepcionante ao entrar no quarto a parede da cama tinha muitas marcas de sangue (mosquito morto), banheiro com cabelos no chão e o quarto com cheiro de mofo.",HR_REVIEWTEXT,"Decepcionante ao entrar no quarto a parede da cama tinha muitas marcas de sangue (mosquito morto),  banheiro com cabelos no chão e o quarto com cheiro de mofo.",Injury
63dcdb160437754da3db9a61,8180921256,NOT SPECIFIED,4026576,1675422423211,03/02/2023 09:59:50 CST,rectory farm,en_gb,-1,,"A bit on the small side, and banged my head on a beam.",HR_REVIEWTEXT,"Very clean and well appointed room. A bit on the small side, and banged my head on a beam.",Injury
63e157d41620f06be3e974bc,8182723811,NOT SPECIFIED,4027564,1675799484594,06/02/2023 19:41:08 CST,the villas at sunset lane,nl_nl,11,,It felt really good traveling on my own injured.,HR_REVIEWTEXT,I broke my elbow and I stayed here only shortly until the flight back home. The lady of the hotel was so friendly. It felt really good traveling on my own injured.,Injury
63d78672c8d6d95ebaf3b66f,8179375410,NOT SPECIFIED,13089814,1675080078994,30/01/2023 08:57:22 CST,hard rock hotel tenerife,es_es,9,,"Por otro lado, tuvimos un incidente en el spa, me resbalé y caí fuertemente dado que el suelo resbalaba una barbaridad, no habiendo ningún cartel que lo indicase en la parte exterior.",HR_REVIEWTEXT,"En primer lugar destacar que en general el hotel está fenomenal y el personal del comedor del desayuno y la cena es muy atento y amable. Por otro lado, tuvimos un incidente en el spa, me resbalé y caí fuertemente dado que el suelo resbalaba una barbaridad, no habiendo ningún cartel que lo indicase en la parte exterior. Pusimos un report en el spa. La chica nos dijo que lo subiría a recepción y nos llamarían para ver que habia pasado. Decidimos ir a recepción a poner una reclamación, dado que no podía andar con normalidad a causa del golpe y nadie se había puesto en contacto conmigo. Para nuestra sopresa, nadie en recepción sabía nada del incidente. Nos atendió la Duty manager del personal muy amablemente, para intentar que no nos quedasemos con ese mal sabor de boca y preocupada por mi rodilla, nos dijo que nos quitaría el cargo del spa, del parking, de la comida del día anterior y que nos pasaría a media pensión sin coste. Al hacer el chekout, el personal de recepción bastante bordes y altivos dijeron que no, que solo nos quitaban el cargo del spa y de la cena de ese día. Ni se preocuparon por llamar a la Duty Manager Miriam para comprobarlo, dado que fue ella quien nos lo dijo. Finalmente abonamos el importe, pero de saberlo hubiesemos puesto la reclamación por el mal estado de las instalaciones del spa y por no avisar al hacer la reserva que la parte exterior no es climatizada puesto que de saberlo no hubiésemos ido. Sin duda toda una decepción.",Injury
63e1ecc41a50ac7aaa4f4830,8182509714,NOT SPECIFIED,9629148,1675754964939,07/02/2023 06:16:36 CST,mid city plantation motel,en_au,-1,comfortable beds,Bunk is low so easy to hit head but was clean & comfortable.,HR_REVIEWTEXT,"Beds were comfortable and clean. The room had bunks  The room had a step down going in and a step up to bathroom so that’s the only fault and falls risk possibly.
Bunk is low so easy to hit head but was clean & comfortable. 
Remote control for airconditioner was located under top bunk bed of all places!!!",Injury
63dd8a7c6437445335144d0b,8181110186,NOT SPECIFIED,691197,1675467005278,03/02/2023 22:28:12 CST,legends whistler,en_ca,4,,Unfortunately my son got injured at school on the date of check in.,HR_REVIEWTEXT,"Unfortunately my son got injured at school on the date of check in. We asked to change date. The hotel declined our request, because we booked with non-refundable rate. Of course It’s not the hotel’s fault. They hold their policy tightly. As guests, we don’t appreciate it.",Injury
63df3fdddc57313b6dbc315e,8181919228,NOT SPECIFIED,25861,1675631092754,05/02/2023 05:34:21 CST,sandman hotel & suites kelowna,en_ca,4,,They recognized that I had a injured knee and upgraded us to the tower that had an elevator.,HR_REVIEWTEXT,They recognized that I had a injured knee and upgraded us to the tower that had an elevator.,Injury
63e3c9922623560f84f220dd,8183050715,NOT SPECIFIED,32607269,1675876502573,08/02/2023 16:10:58 CST,hotel hacienda santana,es_mx,12,,"Lo que no, fue el restaurante, me hizo daño la comida (chicharron) tremenda infeccion",HR_REVIEWTEXT,"Lo rustico u moderno y amplio.
Lo que no, fue el restaurante, me hizo daño la comida (chicharron) tremenda infeccion",Injury
63e25b06f18431056ccf7b43,8182640596,NOT SPECIFIED,75790655,1675782851405,07/02/2023 14:07:02 CST,housi perdizes by charlie,pt_br,-1,excelente pelo valor,havia fios de cabelo pelo chão e toalete estava com sangue que parecia ser de menstruação,HR_REVIEWTEXT,"Apartamento excelente em prédio muito bom!
A caminhada até o Alianz Parque leva em torno de 8min e é tranquila.
Tenho apenas 3 ressalvas sobre a unidade na qual eh fiquei, no caso a 901: a tomada próxima à cama está com um pino quebrado dentro, o que impede a utilização da mesma, não consegui carregar meu celular enquanto estava deitado na cama; a limpeza deixou bastante a desejar, havia fios de cabelo pelo chão e toalete estava com sangue que parecia ser de menstruação; e por fim, a unidade não tinha wi-fi, o que não foi problema, pois usei o sinal do apartamento 903.",Injury
63dc7c37c1da6667a17e93cb,8180820677,NOT SPECIFIED,83928849,1675398368803,03/02/2023 03:15:03 CST,pearl star hotel atami,ja_jp,28,,また熱海に行く際は利用させて頂きたいと思います。,HR_REVIEWTEXT,恋人と利用しました。建物が美しく屋内に漂う香りに癒されました。お部屋はオーシャンビューの露天風呂があり、ベットからも海が眺められる配置となっていました。広々としていて木と木炭をイメージするようなお部屋を大変気に入りました。お部屋にある飲み物が全てフリーだったのがびっくりしました。静岡クラフトビールが2種類とオレンジジュース、ワイン、緑茶、水がそれぞれ用意して頂いてました。大浴場もオーシャンビューで広く清潔感がある大浴場でしたが、温泉の温度が低めだったので、私はお部屋の熱めの露天風呂の方がお気に入りです。恋人も大変気に入っていたようです。また熱海に行く際は利用させて頂きたいと思います。,Customer2
63dc7c37c1da6667a17e93cb,8180820675,NOT SPECIFIED,83928849,1675398368803,03/02/2023 03:15:03 CST,pearl star hotel atami,ja_jp,28,,大浴場もオーシャンビューで広く清潔感がある大浴場でしたが、温泉の温度が低めだったので、私はお部屋の熱めの露天風呂の方がお気に入りです。,HR_REVIEWTEXT,恋人と利用しました。建物が美しく屋内に漂う香りに癒されました。お部屋はオーシャンビューの露天風呂があり、ベットからも海が眺められる配置となっていました。広々としていて木と木炭をイメージするようなお部屋を大変気に入りました。お部屋にある飲み物が全てフリーだったのがびっくりしました。静岡クラフトビールが2種類とオレンジジュース、ワイン、緑茶、水がそれぞれ用意して頂いてました。大浴場もオーシャンビューで広く清潔感がある大浴場でしたが、温泉の温度が低めだったので、私はお部屋の熱めの露天風呂の方がお気に入りです。恋人も大変気に入っていたようです。また熱海に行く際は利用させて頂きたいと思います。,Customer2
63e0c9c594c8cf0f3d6056e4,8182124626,NOT SPECIFIED,21174653,1675680317648,06/02/2023 09:35:01 CST,hotel tops 10,ko_kr,-1,최악의 탑스텐 레스토랑,5인가족여행으로 23년 2월 3일 저녁에 탑스텐 레스토랑에서 저녁 뷔페 이용을 했는데 굴을 먹은 2인만 다음날부터 배가 아프기 시작해서 2일후인 일요일엔 구토와 설사로 굉장히 고생했습니다 월요일에 병원가서 진료를 보니 식중독 진단을 받았습니다 호텔 레스토랑측에 전화로 문의하니 그날 뷔페 이용을 한 다른 사용자도 동일 증상으로 컨플레임이 왔었다고 하더군요,HR_REVIEWTEXT,"5인가족여행으로 23년 2월 3일 저녁에 탑스텐 레스토랑에서 저녁 뷔페 이용을 했는데 굴을 먹은 2인만 다음날부터 배가 아프기 시작해서 2일후인 일요일엔 구토와 설사로 굉장히 고생했습니다
월요일에 병원가서 진료를 보니 식중독 진단을 받았습니다
호텔 레스토랑측에 전화로 문의하니 그날 뷔페 이용을 한 다른 사용자도 동일 증상으로 컨플레임이 왔었다고 하더군요

식중독 걸린 2인에 대한 배상요구를 했더니 호텔레스토랑 담당자(과장)는 자기네 호텔 레스토랑에서 음식을 먹고 식중독에 걸렸다는 증빙을 고객이 직접 확보하지 않는 이상 보상이 어렵다고 회피만 했습니다(녹취 자료도 있습니다)
병원서류에 굴을 먹고 나서부터 속이 안좋아지기 시작했다는 내용이 있다고 말했으나 그런건 증빙자료로 받아드리기 어렵고 식약처든 보건소든 신고해서 당시(23년 2월 3일) 굴에 문제가 있었던걸 증빙하라고 말장난을 하는 행테에 기가찼습니다",Customer2
63e0c9c594c8cf0f3d6056e4,8182124627,NOT SPECIFIED,21174653,1675680317648,06/02/2023 09:35:01 CST,hotel tops 10,ko_kr,-1,최악의 탑스텐 레스토랑,식중독 걸린 2인에 대한 배상요구를 했더니 호텔레스토랑 담당자(과장)는 자기네 호텔 레스토랑에서 음식을 먹고 식중독에 걸렸다는 증빙을 고객이 직접 확보하지 않는 이상 보상이 어렵다고 회피만 했습니다(녹취 자료도 있습니다) 병원서류에 굴을 먹고 나서부터 속이 안좋아지기 시작했다는 내용이 있다고 말했으나 그런건 증빙자료로 받아드리기 어렵고 식약처든 보건소든 신고해서 당시(23년 2월 3일) 굴에 문제가 있었던걸 증빙하라고 말장난을 하는 행테에 기가찼습니다,HR_REVIEWTEXT,"5인가족여행으로 23년 2월 3일 저녁에 탑스텐 레스토랑에서 저녁 뷔페 이용을 했는데 굴을 먹은 2인만 다음날부터 배가 아프기 시작해서 2일후인 일요일엔 구토와 설사로 굉장히 고생했습니다
월요일에 병원가서 진료를 보니 식중독 진단을 받았습니다
호텔 레스토랑측에 전화로 문의하니 그날 뷔페 이용을 한 다른 사용자도 동일 증상으로 컨플레임이 왔었다고 하더군요

식중독 걸린 2인에 대한 배상요구를 했더니 호텔레스토랑 담당자(과장)는 자기네 호텔 레스토랑에서 음식을 먹고 식중독에 걸렸다는 증빙을 고객이 직접 확보하지 않는 이상 보상이 어렵다고 회피만 했습니다(녹취 자료도 있습니다)
병원서류에 굴을 먹고 나서부터 속이 안좋아지기 시작했다는 내용이 있다고 말했으나 그런건 증빙자료로 받아드리기 어렵고 식약처든 보건소든 신고해서 당시(23년 2월 3일) 굴에 문제가 있었던걸 증빙하라고 말장난을 하는 행테에 기가찼습니다",Customer2
63e4b2dd889b102e37b6691b,8183099349,NOT SPECIFIED,2835050,1675936726508,09/02/2023 08:46:21 CST,vien dong hotel,ja_jp,-1,微妙,湯船があるのにお湯が途中で水に変わり熱いお湯に浸かれなかった。,HR_REVIEWTEXT,"湯船があるのにお湯が途中で水に変わり熱いお湯に浸かれなかった。最初は熱い湯が出ていたのに途中で水になり、暫くして出すとお湯が出る、そんな繰り返しだった。
チェクインしてすぐ、セイフティボックスが壊れていてドワ毎交換していた。日々のチェックをしていないのか？部屋の窓のカーテンを開けると内側の廊下が...宿泊者から丸見えなので開けることが出来なかった。変な作りのホテルだと思う。場所は近くに繁華街もコンビニもすぐ近くにあり便利だと思う。フロント女の子が親切だった。実は２回目の滞在だったが、前は別の部屋だったので問題なかったが、今回は最初から問題がありがっかりした。",Customer2
63e4b2dd889b102e37b6691b,8183099350,NOT SPECIFIED,2835050,1675936726508,09/02/2023 08:46:21 CST,vien dong hotel,ja_jp,-1,微妙,最初は熱い湯が出ていたのに途中で水になり、暫くして出すとお湯が出る、そんな繰り返しだった。,HR_REVIEWTEXT,"湯船があるのにお湯が途中で水に変わり熱いお湯に浸かれなかった。最初は熱い湯が出ていたのに途中で水になり、暫くして出すとお湯が出る、そんな繰り返しだった。
チェクインしてすぐ、セイフティボックスが壊れていてドワ毎交換していた。日々のチェックをしていないのか？部屋の窓のカーテンを開けると内側の廊下が...宿泊者から丸見えなので開けることが出来なかった。変な作りのホテルだと思う。場所は近くに繁華街もコンビニもすぐ近くにあり便利だと思う。フロント女の子が親切だった。実は２回目の滞在だったが、前は別の部屋だったので問題なかったが、今回は最初から問題がありがっかりした。",Customer2
63d7a26132130a162746b179,8179412852,NOT SPECIFIED,9622048,1675090159453,30/01/2023 10:56:33 CST,pension & restaurant bistare kana,ja_jp,28,,一方で、全体的に空調温度が低く、部屋のストーブをつけると今度は温度が上がりすぎて熱くてこまりました。,HR_REVIEWTEXT,オーナーの気さくな対応はとても良かったです。一方で、全体的に空調温度が低く、部屋のストーブをつけると今度は温度が上がりすぎて熱くてこまりました。北海道の宿泊施設では全館が温かいのが普通かと思います。あと共用設備では歯磨きのときのコップなどがなく、利用できる備品が貧弱なように思いました。,Customer2
63e05f9d91e0356fc664decf,8182013988,NOT SPECIFIED,11821181,1675652803142,06/02/2023 02:02:05 CST,ever delightful business hotel,zh_tw,62,,吃完早餐後拉肚子,HR_REVIEWTEXT,"棉被及床都舒服

吃完早餐後拉肚子",Customer2
63e0b1bf19d00a0fb091ed8a,8182102878,NOT SPECIFIED,73232,1675674712034,06/02/2023 07:52:31 CST,hotel metropolitan edmont tokyo,ja_jp,-1,受験生ママ,また、天井のダウンライトの下にいると熱かったです。,HR_REVIEWTEXT,"息子の受験のため利用しました
綺麗で立派なホテルで勿体無いくらいでした
ただ欲を言えば、机にスタンドが置かれてあり
配慮を感じられましたが、勉強するにはお部屋
自体が少し暗いかなと思いました。また、天井のダウンライトの下にいると熱かったです。決して苦情ではありません。総合的には快適でした。",Customer2
63e221e8de200418ee5b1d95,8182574745,NOT SPECIFIED,12385623,1675768486271,07/02/2023 10:03:20 CST,hotel gracery naha,ja_jp,-1,レンタカーを借りる場合は注意,モノレール駅から近く、国際通りに面している為車無しの場合は良いが、レンタカーを借りる場合は1回最大1500円がかかり、かつ近くに駐車場が借りれない場合がある為注意。,HR_REVIEWTEXT,モノレール駅から近く、国際通りに面している為車無しの場合は良いが、レンタカーを借りる場合は1回最大1500円がかかり、かつ近くに駐車場が借りれない場合がある為注意。,Customer2
63de0a16bf399a3fff177bb6,8181274717,NOT SPECIFIED,86762811,1675501017363,04/02/2023 07:32:38 CST,fav hotel hiroshima heiwa odori,ja_jp,-1,接客はないものと割り切れば新しく綺麗で快適,便座が熱くて調整できず尻が火傷しそうです。,HR_REVIEWTEXT,"出来たばかりで清潔感があり快適でした。
お風呂も広くて気持ちよいです。
トイレはちょっと不満。手洗いはあるのですがハンドソープなし。便座が熱くて調整できず尻が火傷しそうです。
あと、部屋のエアコンのランプが明るすぎて睡眠の邪魔になります。気になる方は困ると思います。
ちょっとだけ気になったのは、床が所々ペコペコと凹むところ。問題はないと思うのですが、なにやら安っぽさを感じました。

部屋の鍵はオートロックで、4桁の番号で開けるタイプ。これはちょっと不安。番号が分かれば誰でも開けられてしまいます。

立地的には薬研堀の端っこという感じ。繁華街までは歩いて行けます。コンビニも近く便利。

基本駐車場はなく、車の場合は近くのコインパーキングを利用することになります。サービスチケットなどはありません。

スタッフは受付に常時1名？という感じ。みなホテルでの接客経験のない若いバイトさん達のようで、正直なところあまり頼りになりません。アメニティなどは受付でお願いして受け取る方式で、部屋に持ってきてくれたりはしません。ここは割り切りですね。",Customer2
63db7a7754d6022716b1422a,8180513842,NOT SPECIFIED,3872807,1675332076253,02/02/2023 08:55:19 CST,studios2let bloomsbury,ja_jp,28,,暖房が弱くとても寒い部屋とサウナのように熱い部屋だった。,HR_REVIEWTEXT,暖房が弱くとても寒い部屋とサウナのように熱い部屋だった。,Customer2
63da18cd51556b2eda8f3bdf,8180104392,NOT SPECIFIED,35708398,1675241996955,01/02/2023 07:46:21 CST,sala danang beach hotel,ja_jp,-1,,ただみんなが書いていたように 熱いお湯はでませんでした。,HR_REVIEWTEXT,"部屋からは　海も見えて　いい部屋ではありましたが　思っていたよりは狭かったです。テレビの下にでも　トランクの中のもの入れられる家具があれば良かったかなと。
寝具はとても良かったです　枕も合って　ベッドもよく　かけ布団になっていたのは良かったです。ただみんなが書いていたように　熱いお湯はでませんでした。シャワーの後　床が濡れて困りました",Customer2
63e35396de200418ee5ed12c,8182933890,NOT SPECIFIED,10165504,1675846583905,08/02/2023 07:47:34 CST,miyako hotel hakata,ja_jp,28,,加熱？）,HR_REVIEWTEXT,スパ真下の部屋はたまに聞こえる機械（水の循環？加熱？）の音が少し気になりました。,Customer2
63d7633a32130a162745b93f,8179352342,NOT SPECIFIED,76303998,1675064494111,30/01/2023 06:27:06 CST,sotetsu fresa inn sendai,ja_jp,28,,気になった点 ・1月下旬の宿泊でしたが、館内は暖房がなくても かなり断熱が効いているようで寒くはなかったものの 乾燥がとても酷く、加湿器無しでは耐えられない程であった。（,HR_REVIEWTEXT,"スタンダードダブルルームに2名での宿泊でした。
気になった点
・1月下旬の宿泊でしたが、館内は暖房がなくても
　かなり断熱が効いているようで寒くはなかったものの
　乾燥がとても酷く、加湿器無しでは耐えられない程であった。（備え付けで空気清浄機 加湿器はありました）
・定員2名とあるが2名で宿泊するには
　部屋が狭いと感じた。荷物を置くスペースが少なく、
　ベッド下にキャリーケースなどは置けるようだったが
　バックパックに荷造りしていたので
　直置きは抵抗があったのでなんとか狭いスペースで
　整理整頓をしたが、二人での宿泊ではおススメできない。
・エントランスにセルフクロークがあって
　便利ではあるのだが、自分の交通系ICを使うタイプで、使い方がわかりづらい。また解除しようとしたら
エラーで結局スタッフの手を煩わせる形となってしまった。
・二名での宿泊予約でしたが、枕が固め・柔らかめの1セットしか置いてませんでした。1日目は仕方なく夫に固めを、私は柔らかめを使用したがあまりにもあわず、ロビーに問い合わせして枕をもう1セット追加していただきました。その際の対応は気持ちよくしていただきありがとうございます。

良かった点
・事前のQRコードによりチェックインが非常にスマート
・何かあったときのスタッフさんたちの対応は
　とても迅速丁寧でした。

個人的には1人利用の
出張向けの宿泊に丁度よいホテルに感じました。",Customer2
63e1178e1691da7d7594143b,8182247264,NOT SPECIFIED,3008903,1675701043271,06/02/2023 15:06:54 CST,hotel villa fontaine tokyo - kudanshita,ja_jp,28,,熱いものを飲むのに、やりづらい。,HR_REVIEWTEXT,"お茶を飲むカップが、薄い紙コップ。
熱いものを飲むのに、やりづらい。",Customer2
63db016385012b4080c8b4bf,8180381568,NOT SPECIFIED,3567190,1675301054518,02/02/2023 00:18:43 CST,hotel mystays kanazawa castle,ja_jp,28,,外気温が低かったので、気を使っていただいたんだと思いますが、お風呂の温度が熱く、中に入れませんでした。,HR_REVIEWTEXT,外気温が低かったので、気を使っていただいたんだと思いますが、お風呂の温度が熱く、中に入れませんでした。その他は大変満足しております。,Customer2
63e33ef09f99ed32c1024669,8182910173,NOT SPECIFIED,201186,1675841639533,08/02/2023 06:19:28 CST,hotel miramar am römer,de_de,6,,"Katastrophe: Drehtür mit Treppe, dadurch Sturzgefahr beim Verlassen aber kein Warnschild",HR_REVIEWTEXT,"Positiv: sauber, gut gelegen

Negativ: winzige Zimmer, durchgelegene Matratzen, kein zweiter Stuhl bei einer Buchung für zwei Personen möglich, kein Frühstück auf dem Zimmer möglich

Katastrophe: Drehtür mit Treppe, dadurch Sturzgefahr beim Verlassen aber kein Warnschild",Accommodation
63d6fbc3be5e9c07be0c9c19,8179390807,NOT SPECIFIED,74250526,1675086755296,29/01/2023 23:05:39 CST,marabá - hotel oficial do bar brahma,pt_br,-1,nota 7/10,"Café da manhã 10/10, atendimento 10/10, cama 10/10, chuveiro 10/10, a localização é boa por conta do comércio, mas é muito perigoso andar por lá.",HR_REVIEWTEXT,"Café da manhã 10/10, atendimento 10/10, cama 10/10, chuveiro 10/10, a localização é boa por conta do comércio, mas é muuuito perigoso andar por lá. E o carpete do hotel fede muuito, o quarto fica parecendo que está mofado",Accommodation
63e3554bde200418ee5ed428,8182933983,NOT SPECIFIED,1877045,1675846950611,08/02/2023 07:54:51 CST,leonardo hotel almere city center,nl_nl,11,,"Over het algemeen een fijne kamer , bad/douche zat verstopt en er ontbrak een onderdeel in de zijkant van het bad waardoor het niet veilig was voor jonge kinderen als ze in bad zouden gaan en gezien dit een familie kamer is vond ik dit wel een groot minpunt",HR_REVIEWTEXT,"Inchecken was fijn en snel , optie om ontbijt naar de kamer te brengen was ook fijn , helaas ontbrak er bij het ontbijt meerdere dingen die we hadden aangegeven.

Over het algemeen een fijne kamer , bad/douche zat verstopt en er ontbrak een onderdeel in de zijkant van het bad waardoor het niet veilig was voor jonge kinderen als ze in bad zouden gaan en gezien dit een familie kamer is vond ik dit wel een groot minpunt

Ik heb eerder in dit hotel verbleven alleen dan in een andere kamer mijn beoordeling blijft het zelfde.

Snachts veel overlast gehad van de buren maar daar valt weinig aan te doen.",Accommodation
63da42d360f3e91c9585f7da,8180165539,NOT SPECIFIED,9274477,1675252188497,01/02/2023 10:45:39 CST,connect hotel kista,sv_se,-1,inte så bra - billigt dock,Duschen kunde man nästan inte öppna dörrarna i eftersom de slog i antingen toaletten eller handfatet.,HR_REVIEWTEXT,Väldigt varmt på rummet som var ok. Stenhård säng. Duschen kunde man nästan inte öppna dörrarna i eftersom de slog i antingen toaletten eller handfatet. Var tvungen att öppna inåt. Inget glas att dricka vatten ur på rummet fanns heller.,Accommodation
63dfc58e6437445335198835,8181804407,NOT SPECIFIED,74266024,1675613492813,05/02/2023 15:04:46 CST,charlie vitrali moema,pt_br,-1,apart hotel se padrão nos quartos. cuidado,Fiquei no 303 num primeiro momento e tinha mofo e um vazamento enorme no ar condicionado.,HR_REVIEWTEXT,"Proposta é boa porém os quartos não tem padrão. Fiquei no 303 num primeiro momento e tinha mofo e um vazamento enorme no ar condicionado. Me trocaram por um quarto ainda pior o 1211 onde era menor que a categoria escolhida, colchão ruim, sem cabides, black out não fechava totalmente e banheiro sem saboneteira. Outro quarto fora do padrão. 
Depois de muito reclamar e ameacar me colocaram no 2308 este um quarto ok conforme reservado. Meu colega ficou no 403 que era muito semelhante ao 2308. 
Se pudesse escolher o quarto e ter a certeza de qual ficaria acho que reservaria novamente do contrário tem melhores opções muito próximas. Não vale a economia.",Accommodation
63de26bedc57313b6db99328,8181298087,NOT SPECIFIED,11328903,1675508120225,04/02/2023 09:34:54 CST,strandhotel dranske,de_de,70406,,die Treppe ein Risiko wegen rutschgefahr,HR_REVIEWTEXT,"Einrichtung der Zimmer sind nicht effektiv. Keine möglichkeit zum hinsetzen geschweige ablage möglichkeiten. Im bad die dusche eher eine katstrophe als angenehm. Auch hier weder möglichkeiten handtücher zum trockenen aufzuhängen noch ablage für eigenen kosmetik. Die küchenecke, naja schrank und kühlschrank vorhanden aber nichts drin, wofür solch eine küchenecke??? Wir hatten eine Aufbettung,  daher war es nicht möglich irgendwo mal platz zunehmen. Ein Stuhl hätte es erübrig, da wäre dann auch platz um auch mal wäsche abzulegen. Auch würde dem zimmer eine stehlampe oder ähnliches gut tun um etwas Ambiente für den raum zu erhalten. Wohlfühlen war fehlanzeige. Silberfische ein ganz großes problem und die Treppe ein Risiko wegen rutschgefahr.
Das ""Restaurant "" glich einem Speisesaal,  wo blechernde musik irgendwo her schallte, frühstücksbüffett eher ausreichend aber nicht einen 4 sterne hotel gerecht. Salz, pfeffer, zucker milch nix auf den tischen und nur abgepackt. Selbst mayonaise jnd ketschup beim abend essen (restaurant) nur abgepackt???
Aöles im allen, 4 sterne hier fehl am platze. Wahscheinlich nur deshalb, weil direkte strandlage. 
Der Auftritt im angebot vielversprechend, die Realität leider nicjt überzeugend. Das ist hier kein meckern sondern kritikpunkte die ernst genommen werden sollten. Ich wäre gerne wieder gekommen.",Accommodation
63e3532dde200418ee5ed075,8182933824,NOT SPECIFIED,893749,1675846294257,08/02/2023 07:45:49 CST,dinarobin beachcomber golf resort & spa,de_de,6,,the bathroom I think would not hurt a little renovation,HR_REVIEWTEXT,"Unfortunately, my stay in your hotel was a bit disappointing. Compared to other 5-star hotels, there are better ones for me. Especially compared to the Trou aux Biches Beachcomber Hotel, the Dinarobin does not live up to my expectations of the Beachcomber hotel chain. The atmosphere was kind of cold - I didn't really feel welcome. The food was average & some of the staff members made a rather less motivated, partly unfriendly impression. The resort is very big and well maintained, but I wish the quality would not suffer from the - in my eyes exaggerated - size of the hotel. The bedroom is big, the bathroom I think would not hurt a little renovation.",Accommodation
63dd0c7e643744533512d45a,8180963776,NOT SPECIFIED,8032473,1675435301164,03/02/2023 13:30:38 CST,j two s pratunam hotel,de_de,6,,Die Dusche zu klein und sehr rutschig.,HR_REVIEWTEXT,"Was mir nicht gefallen hat ist, das ich als Nichtraucher in einem Raucherzimmer Untergebracht wurde, weil angebelich alle Zimmer besetzt waren. Alles hat stark nach Qualm gestunken. Die Dusche zu klein und sehr rutschig.",Accommodation
63d6d292e1de5c64789aa508,8179196411,NOT SPECIFIED,88087200,1675026846392,29/01/2023 20:09:54 CST,hotel rossel plaza,es_us,-1,no lo recomiendo,"La ubicacion no es muy buena, insegura, no hay lugares cercanos para comer, la habitación con el baño sin separar todo junto a mi parecee muy feo",HR_REVIEWTEXT,"La ubicacion no es muy buena, insegura, no hay lugares cercanos para comer, la habitación con el baño sin separar todo junto a mi parecee muy feo",Accommodation
63da822fd061aa497da078b3,8180227782,NOT SPECIFIED,74122180,1675268858178,01/02/2023 15:15:59 CST,bauten cabo branco 306 por carpediem,pt_br,-1,lugar muito sujo.,"Fiquei muito decepcionada com esse lugar,tudo muito sujo, banheiro, corredor, elevador,escada.",HR_REVIEWTEXT,"Fiquei muito decepcionada com esse lugar,tudo muito sujo, banheiro, corredor, elevador,escada. Liguei 3 vezes na administradora do lugar, Carpediem, explicando a situação e nada fizeram, as funcionárias do prédio não sabem e não tem interesse de limpar. Recepcionista arrogante e debochada, nada vez para melhorar a situação. Colchões e travesseiros péssimos, roupa de cama estava usada, não deixaram a terceira cama pronta e quando fui buscar na recepção, não tinha disponível. Toalhas manchadas. Piscina suja. Enfim, foi tudo péssimo, estragaram nossas férias, eu mesmo tive que limpar o lugar.",Accommodation
63d95df3ced8450d6496c173,8179906837,NOT SPECIFIED,31953963,1675194640177,31/01/2023 18:29:07 CST,hotel restaurant de oringer marke,nl_nl,-1,een wereldreiziger.,Bij de douche geen badmat voor de veiligheid van de gasten.,HR_REVIEWTEXT,"Wat jammer is dat bij twee nachten totaal geen service is op de kamer. Tussendoor wordt de kamer niet schoon gemaakt en worden de bedden niet opgemaakt.  Als je een hartaanval hebt, dan vinden ze je pas na drie dagen. Nederlandse publieke zenders zijn er soms niet. Internet is niet stabiel en valt af en toe weg.  Waterdruk is behoorlijk lager als iedereen ‘s morgens gaat douchen. Bij de douche geen badmat voor de veiligheid van de gasten. De kluis is superklein en kon niet gebruikt worden, zeker niet als je een laptop meeneemt. Bij het schoonmaken zou het kluisje gewoon gecontroleerd moeten worden voor de volgende gast.  Bij het uitchecken wordt helaas niet gevraagd hoe het verblijf was, hetgeen een kleine moeite is.

Positief is het restaurant. Het eten is goed en de bediening is prettig en zeer vriendelijk.  Het ontbijt is uitgebreid en prima.  De ontvangst bij aankomst was ook prettig.",Accommodation
63d9367bced8450d64965547,8179854557,NOT SPECIFIED,88827238,1675183933887,31/01/2023 15:40:43 CST,hotel brisa do mar,pt_br,-1,opção econômica de frente para o mar,"Recomendo usar os chuveiros desligados, pois a maresia pode dar curto circuito nos chuveiros, o que é muito perigoso!",HR_REVIEWTEXT,"Precisa de alguma manutenção. Recomendo usar os chuveiros desligados, pois a maresia pode dar curto circuito nos chuveiros, o que é muito perigoso!  Outra recomentação é levar uma garrafa de vinagre, devido à presença de águas vivas no litoral gaúcho (isso vale para todas as prais no RS!). o Hotel fica em frente à praia, o que é muito conveniente e a 8 minutos de carro do farol, no centro da cidade, onde há muitas lojas, supermercado e farmácias. Para quem não quer gastar muito, é uma ótima opção.",Accommodation
63d6ddf7c8d6d95ebaf1da82,8179217595,NOT SPECIFIED,1112179,1675029852569,29/01/2023 20:58:31 CST,"oyo rio colinas hotel, rio de janeiro",pt_br,-1,pessima !,"O corrimão das escadas está MUITO enferrujado , e o da entrada do hotel também.",HR_REVIEWTEXT,"Foi realizada uma reserva no hotel OYO de IPANEMA, o atendimento prestado dos funcionários foi excelente! 
Porém, a venda realizada da hospedagem é enganosa, as fotos divulgadas no site constam que o quarto está em ótimo estado. 
O quarto que foi passado no momento em que chegamos foi o de numero 310. O mesmo estava com bastante cheiro de mofo , o frigobar estava enferrujado e sem funcionar, a descarga estava entupida . Passamos 3 dias de estadia em um quarto com banheiro entupido! Solicitamos a troca de quarto , na qual não foi resolvida. 
O elevador estava estragado e precisamos subir 3 andares de escadas com malas pesadas. O corrimão das escadas está MUITO enferrujado , e o da entrada do hotel também. 

O hotel nao tem condições de receber hóspedes antes de uma boa reforma. Foi extremamente desconfortável! Péssima experiência.

O mínimo esperado é a devolução da venda enganosa do hotel, ZERO conforto aos hóspedes.",Accommodation
63e25fcaf18431056ccf895a,8182654820,NOT SPECIFIED,89116872,1675785216396,07/02/2023 14:27:22 CST,pousada canoa ilhabela,pt_br,-1,excelente estadia.,"acessibilidade ruim por ter muitas escadas, acústica dos quartos de andares baixo ruim e distante do centro.",HR_REVIEWTEXT,"Pousada muito aconchegante, equipe atenciosa, estrutura e móveis novos, localização boa e excelente custo benefício.  
Pontos negativos; acessibilidade ruim por ter muitas escadas, acústica dos quartos de andares baixo ruim e distante do centro.",Accommodation
63dd78ca0c1299371f79c024,8181097250,NOT SPECIFIED,26745575,1675462824449,03/02/2023 21:12:42 CST,the woods natural park resort phuket,pt_br,-1,um hotel legal,Alem do piso da Piscina SER MUITO ESCORREGADIO o que é bem perigoso.,HR_REVIEWTEXT,"Estadia bem lega, porém o hotel precisa de manutenção. Alem do piso da Piscina SER MUITO ESCORREGADIO o que é bem perigoso. No geral um hotel legal. Oferece transfer para a praia pois não da para ir andando é longe e subindo uma rampa longa.",Accommodation
63e4bf02de200418ee628de5,8183100916,NOT SPECIFIED,5660562,1675939523597,09/02/2023 09:38:10 CST,bowery grand hotel,de_de,6,,"Gesundheitsgefährdender Zustand, sehr unsauber, dass es einem kurz vorm erbrechen erreicht, unwürdiger Zimmer und Bad und allgemeiner Zustand.",HR_REVIEWTEXT,"Gesundheitsgefährdender Zustand, sehr unsauber, dass es einem kurz vorm erbrechen erreicht, unwürdiger Zimmer und Bad und allgemeiner Zustand. Hilft nur ein Abriss! Personal ist auch uninteressiert ob es den Gästen gut geht. Sucht Euch lieber ein richtiges Hotel anstatt hier zu buchen !",Customer
63dfaea148845944dd7e9174,8181772761,NOT SPECIFIED,2835070,1675607649599,05/02/2023 13:26:57 CST,waterfront,sv_se,-1,rekommenderar ett annat hotell,"Vi hade ett litet spädbarn som spydde på lakan, den byttes aldrig ut tills vi påtalade det.",HR_REVIEWTEXT,"Tyvärr inte alls vad man förväntade sig. Usel rumservice och det var stopp i badrumsavlopp som orsakade översvämning. Därefter började det lukta och trots att receptionen fick information om det, ingen åtgärd utfördes. Vi hade ett litet spädbarn som spydde på lakan, den byttes aldrig ut tills vi påtalade det. 

Det var byggnation av fasaden med ingen hänsyn till säkerheten där saker föll ner och det kändes osäkert.",Customer
63d91bc142d604169ed5bed2,8179817664,NOT SPECIFIED,3830519,1675176966818,31/01/2023 13:46:41 CST,the southernmost house hotel - adults only,en_us,-1,relaxing time.,"My only complaint is that this room was already $600 and some odd dollars, I got sick, so we have to move our stay to the following week, and they charged us another $160.00, and we were only staying one night I was not happy at all.",HR_REVIEWTEXT,"I would recommend The Southernmost House Hotel. Very nice clean and relaxing and great views. 
My only complaint is that this room was already $600 and some odd dollars, I got sick, so we have to move our stay to the following week, and they charged us another $160.00, and we were only staying one night I was not happy at all.",Customer
63d6d329b20b1a1ec77e4c26,8179196833,NOT SPECIFIED,12543806,1675027314754,29/01/2023 20:12:25 CST,arbor inn and suites,en_us,-1,horrible,The entire hotel had such a strong stench of carpet laying glue it was overwhelming and made us sick and headache the entire stay.,HR_REVIEWTEXT,"The POOL VIEW was a delapidate, unconstructed view, at best. 
We were asked on several occasions to LEAVE OUR ROOM SO CONSTRUCTION COULD BE COMPLETED. The entire hotel had such a strong stench of carpet laying glue it was overwhelming and made us sick and headache the entire stay. We had no smoke detectors working, our bathtub was rusted & gross and there was almost no water pressure. The in room kitchenette featured a dishwasher I was afraid to use because it smelled badly. DO NOT BOOK UNTIL YOU CONFIRM THAT TGET DON'T HAVE REMODELING UNDERWAY. WE ALSO HAD NO ACCESS TO A ROOM PHONE TO CONTACT FRONT DESK. WHEN WE ASKED FOR LINEN TO CHANGE BEDDING WE HAD TO WAIT TWO DAYS AS THE WEEKEND DAYSHUFT HAD LEFT THE PREMISES WITH THE KEY TO THE LAYNDRY/LINEN CLOSETS.",Customer
63e1270c1620f06be3e87e8e,8182267773,NOT SPECIFIED,24188,1675704063189,06/02/2023 16:13:00 CST,maison dupuy hotel,en_us,1,,"we think the mold in the hotel made us sick, we had to move",HR_REVIEWTEXT,"Property is old and in disrepair, we think the mold in the hotel made us sick, we had to move.  But the staff was great, gave us an immediate credit.
The pool area is really nice and it has a good restaurant/bar.",Customer
63e01a8664374453351ab338,8181937222,NOT SPECIFIED,16284336,1675635679863,05/02/2023 21:07:18 CST,city express rosarito,es_us,-1,,Las toallas todas tiesas la abitacion tenía mal olor mucho ruido mi esposo salió contagiado del virus covid19 no tienen cuidado todos andan sin mascarilla en el comedor estaban unas personas tociendo no hay hijiene 😏😔😷,HR_REVIEWTEXT,Las toallas todas tiesas la abitacion tenía mal olor mucho ruido mi esposo salió contagiado del virus covid19 no tienen cuidado todos andan sin mascarilla en el comedor estaban unas personas tociendo no hay hijiene 😏😔😷,Customer
63e2a93ebfc7341a5dc5bae7,8182742046,NOT SPECIFIED,31959789,1675803591297,07/02/2023 19:40:46 CST,hotel astoria,en_us,1,,"Otherwise the room was very very very very cold, impossible to sleep, my daughter and I are still very sick from this horrible night, we had 2 blankets and it was not enough, so I told them that we had to leaving for our train at 5am, no one offered to go breakfast. . .",HR_REVIEWTEXT,"First of all they ask me to pay before leaving ""the hotel"" for our event there and leave the room key there. I thought we were in a ""Hotel"" not a ""Boarding school"" as the Expedia description. Otherwise the room was very very very very cold, impossible to sleep, my daughter and I are still very sick from this horrible night, we had 2 blankets and it was not enough, so I told them that we had to leaving for our train at 5am, no one offered to go breakfast. . . even though I paid for it. The big problem was the dirt, the bed and all the equipment was very very dirty and smelled very bad. Never ever again will it be free. And never again Expedia too... normally I had to pay 27 euros only but they told me, because you booked with Expedia, you have to give us, more money, it was around 4 euros, that's not that's much it's just for the principle.",Customer
63df1f7698d79b07d55de3b9,8181596568,NOT SPECIFIED,42795,1675571501103,05/02/2023 03:16:06 CST,quality inn & suites durant,en_us,-1,awful experience! don’t stay here.,"The room smelled so bad, that it made me sick to my stomach.",HR_REVIEWTEXT,"This is the first time I have ever left a review. I just thought that I needed to share my experience. The room was filthy!  Dirty bathroom mirrors, hair on air conditioner unit, dirty sink, dirty floor, spillage inside the refrigerator, and lots of dust!  It looked like it hadn’t been dusted in a long time. The room smelled so bad, that it made me sick to my stomach. We ended up checking out and getting a different hotel. 

The only positive is that the hotel cancelled my reservation and I was able to get refunded. 

Hotels.com was great and helped me tremendously!  I give Hotels.com a very high rating for their customer service.",Customer
63d6cedc1a97c059023e3bb4,8179195966,NOT SPECIFIED,45441907,1675026674636,29/01/2023 19:54:04 CST,wyndham ilhabela casa di sirena,pt_br,-1,não volto e não indico,Quarto muito bom Área piscina pessima Área restaurante pequena para o hotel De 5 pessoas da minha família 3 com diarreia e vômitos após jantar japones 26/1/23 Um absurdo !!!,HR_REVIEWTEXT,"Hotel ok !!
Quarto muito bom 
Área piscina pessima
Área restaurante pequena para o hotel
De 5 pessoas da minha família 3 com diarreia e vômitos após jantar japones 26/1/23 
Um absurdo !!!
Quer ficar aborrecido vai !!!",Customer
63d8b7138abde22583f870ad,8179705641,NOT SPECIFIED,13711,1675151170589,31/01/2023 06:37:07 CST,welcominns hotel ottawa,en_ca,4,,It all started when I woke up to a broken heater and got sick from it because when I went to bed it was running and the room was warm.,HR_REVIEWTEXT,"My room heater got broken twice in the same day. It all started when I woke up to a broken heater and got sick from it because when I went to bed it was running and the room was warm. After fixing it twice, I told the mgr this is not how I plan to spend a day in a snow storm. So I was sent to a new room which is lesser than what I had paid for. King to queen and etc…. The mgr then says he’d make an adjustment on the bill at check out. At checkout, the clerk says the mgr is off but he’ll wait until the supervisor comes in to confirm and then they’d email me my new bill. The adjustment was $25off. What a lack of respect and joke. Best of luck. And maybe clean the snow in the parking so your customer make park.",Customer
63dba2cad061aa497da39797,8180543986,NOT SPECIFIED,3035000,1675342740191,02/02/2023 11:47:22 CST,fletcher hotel-landgoed huis te eerbeek,nl_nl,11,,Dus dat geld van fletcher hotel doorwerth in Arnhem heb ik een advocaat voor nodig zo ziek is expedia hun telefoon keuze bandje,HR_REVIEWTEXT,"Omdat het waaide kwam er as van sigaretten op het dak terecht.
Allemaal bladeren en blader pulp smurrie dus niet erg , dat dacht je 75€ boete en op de zwarte lijst dus de volgendre dag hotel betaald en ik kwam er niet in savonds .
Maakte zei de slechte grap bel maar met expedia voor geld terug.
Dus dat geld  van fletcher hotel doorwerth in Arnhem heb ik een advocaat voor nodig zo ziek is expedia hun telefoon keuze bandje",Customer
63d90d2c7def6116712c409b,8179802255,NOT SPECIFIED,2769462,1675173936146,31/01/2023 12:44:28 CST,kayumanis jimbaran private estate & spa - chse certified,ja_jp,-1,また絶対泊まりたいと思えるヴィラでした,今回の旅で私が怪我をしてしまったのですが、薬局まで車をだしていただいたりずっと気遣ってくださっていたのでとても安心できました。,HR_REVIEWTEXT,"今回2泊3日で利用しました。外出するのがもったいないくらい素敵なヴィラで、部屋もプールもその他諸々大満足でした。1軒の敷地が広いのでお隣の声などは全然気になりません。
レストランは2度ほど利用しました。メニュー豊富で選ぶのも楽しいですし、なんといっても全部美味しくてハズレがありません。
スパも最高でした。とっても丁寧で、お値段もそこまで高くなく毎日利用したいほどでした。
あと、午後にはアフタヌーンティーのサービスがあります。リクエストすると部屋に持ってきていただけます。
モーニングも言わずもがな最高です。たくさん種類がありますし単品追加もできます。
今回の旅で私が怪我をしてしまったのですが、薬局まで車をだしていただいたりずっと気遣ってくださっていたのでとても安心できました。お心遣いに感謝です。
初めてのバリ島でこちらのヴィラを選んで大正解でしたし、また絶対泊まりたいです。",Injury2
63d887568abde22583f81580,8179671843,NOT SPECIFIED,11821181,1675138752328,31/01/2023 03:13:26 CST,ever delightful business hotel,zh_hk,-1,,浴室地面滑，房間老舊，早餐普通，早上11點需退房延遲退房需收費。,HR_REVIEWTEXT,浴室地面滑，房間老舊，早餐普通，早上11點需退房延遲退房需收費。,Injury2
63d9c3ac2e8873039814a0cd,8180014959,NOT SPECIFIED,18340524,1675219916887,01/02/2023 01:43:08 CST,dapu-hotel,zh_tw,62,,真的會滑倒的那種～～有帶小孩的更要小心！,HR_REVIEWTEXT,浴室泡湯區很大但是窗戶只在浴室有只能開小小的縫，房間內沒有窗戶導致整個房間有悶味，房間地板如果泡完湯出來地板沾到一點濕或鞋底濕，走在房間木地板就會很滑！真的會滑倒的那種～～有帶小孩的更要小心！早餐好吃但是選擇不多，離金山老街蠻近走過去約８－１０分鐘。溫泉出水量大很不錯～～,Injury2
63d9c3ac2e8873039814a0cd,8180014958,NOT SPECIFIED,18340524,1675219916887,01/02/2023 01:43:08 CST,dapu-hotel,zh_tw,62,,浴室泡湯區很大但是窗戶只在浴室有只能開小小的縫，房間內沒有窗戶導致整個房間有悶味，房間地板如果泡完湯出來地板沾到一點濕或鞋底濕，走在房間木地板就會很滑！,HR_REVIEWTEXT,浴室泡湯區很大但是窗戶只在浴室有只能開小小的縫，房間內沒有窗戶導致整個房間有悶味，房間地板如果泡完湯出來地板沾到一點濕或鞋底濕，走在房間木地板就會很滑！真的會滑倒的那種～～有帶小孩的更要小心！早餐好吃但是選擇不多，離金山老街蠻近走過去約８－１０分鐘。溫泉出水量大很不錯～～,Injury2
63e25862de200418ee5bc7d9,8182669443,NOT SPECIFIED,71948637,1675788651953,07/02/2023 13:55:46 CST,the moment hotel yilan by lakeshore,zh_tw,-1,不要下雨天入住,下雨天園區內有些道路泥濘，石板地易滑，須謹慎行走。,HR_REVIEWTEXT,"務必確認房費是否包含傳藝中心入場券或其他票券。因為訂房資訊沒有提到會送入場券，我們第一天自己買票進傳藝中心玩到傍晚才入住。辦理住房時收到票券，覺得扼腕。
強烈建議請飯店將行李送到房間。沒有平整的道路直達房間。在石子路上拖行，行李箱輪子可能會損壞。退房時也可請飯店將行李送至大廳。
下雨天園區內有些道路泥濘，石板地易滑，須謹慎行走。四處可見「小心地滑」的標示。
夜間在園區的燈光及指引不足。
陽台沒有景觀，也沒有戶外桌椅，只有未經整理的竹林、枯葉，以及隔壁彷彿廢墟的建築物，還有過去住客留下的菸蒂。
響應環保，房間內不提供瓶裝水。從房間前往飲水機裝水，有一小段路是沒有走廊或棚架遮蔽的，會淋雨。
喜歡房內的獨立空調。非中央空調。易於調整溫度或運轉模式。
浴室內有明顯霉斑，木作也多有變形，充分感受到宜蘭潮濕氣候對硬體設備的影響。水壓充足、溫度穩定。
床很好睡。枕頭略低。豪華一大床僅提供兩個枕頭。
早餐提供現煮的麵食，味道不錯。其他早餐品項的口味一般。
停車場與傳藝中心共用。
以上種種缺點，若是在晴天入住，想必會有截然不同的感受。",Injury2
63e25862de200418ee5bc7d9,8182669444,NOT SPECIFIED,71948637,1675788651953,07/02/2023 13:55:46 CST,the moment hotel yilan by lakeshore,zh_tw,-1,不要下雨天入住,四處可見「小心地滑」的標示。,HR_REVIEWTEXT,"務必確認房費是否包含傳藝中心入場券或其他票券。因為訂房資訊沒有提到會送入場券，我們第一天自己買票進傳藝中心玩到傍晚才入住。辦理住房時收到票券，覺得扼腕。
強烈建議請飯店將行李送到房間。沒有平整的道路直達房間。在石子路上拖行，行李箱輪子可能會損壞。退房時也可請飯店將行李送至大廳。
下雨天園區內有些道路泥濘，石板地易滑，須謹慎行走。四處可見「小心地滑」的標示。
夜間在園區的燈光及指引不足。
陽台沒有景觀，也沒有戶外桌椅，只有未經整理的竹林、枯葉，以及隔壁彷彿廢墟的建築物，還有過去住客留下的菸蒂。
響應環保，房間內不提供瓶裝水。從房間前往飲水機裝水，有一小段路是沒有走廊或棚架遮蔽的，會淋雨。
喜歡房內的獨立空調。非中央空調。易於調整溫度或運轉模式。
浴室內有明顯霉斑，木作也多有變形，充分感受到宜蘭潮濕氣候對硬體設備的影響。水壓充足、溫度穩定。
床很好睡。枕頭略低。豪華一大床僅提供兩個枕頭。
早餐提供現煮的麵食，味道不錯。其他早餐品項的口味一般。
停車場與傳藝中心共用。
以上種種缺點，若是在晴天入住，想必會有截然不同的感受。",Injury2
63d7759d1a97c059024023cb,8179359310,NOT SPECIFIED,15995012,1675068971999,30/01/2023 07:45:33 CST,hotel cham cham,en_us,-1,,訂無早餐房型 但checkin時告知若不含早餐房型 玩滑索自由落體 攀岩光束設施要一人加價 建議未來訂房網要表示清楚 謝謝,HR_REVIEWTEXT,訂無早餐房型 但checkin時告知若不含早餐房型 玩滑索自由落體 攀岩光束設施要一人加價 建議未來訂房網要表示清楚 謝謝,Injury2
63dce36edc57313b6db6504c,8180924988,NOT SPECIFIED,5930610,1675424513712,03/02/2023 10:35:26 CST,v one hotel,zh_tw,-1,離夜市不算遠的商務旅館,房間內有煙味 服務員有協助加工處理 降低菸味的蔓延 客房服務車就大辣辣的擺放在走道上 浴缸很大 地板很滑要小心走,HR_REVIEWTEXT,"房間內有煙味
服務員有協助加工處理
降低菸味的蔓延
客房服務車就大辣辣的擺放在走道上
浴缸很大
地板很滑要小心走",Injury2
63d840c78abde22583f7390e,8182782334,NOT SPECIFIED,21078021,1675811920221,30/01/2023 22:12:23 CST,art hotel osaka bay tower,ko_kr,-1,,여행 함께 간 가족이 다쳐서 병원에 가야했는데 한국인 매니저분이 도와주셔서 응급차를 타고 병원에 함께 가주시고 일 처리 모두 도와주셔서 치료 잘 받고 숙소로 다시 왔어요.,HR_REVIEWTEXT,숙소 깨끗하고 조식 51층에 좋은 뷰에 먹을 수 있었어요. 여행 함께 간 가족이 다쳐서 병원에 가야했는데 한국인 매니저분이 도와주셔서 응급차를 타고 병원에 함께 가주시고 일 처리 모두 도와주셔서 치료 잘 받고 숙소로 다시 왔어요. 천만다행이었어요. 그 한국인 매니저분 뵈러 다시 가고싶어요. 정말 감사했습니다.,Injury2
63de0a16bf399a3fff177bb6,8181274717,NOT SPECIFIED,86762811,1675501017363,04/02/2023 07:32:38 CST,fav hotel hiroshima heiwa odori,ja_jp,-1,接客はないものと割り切れば新しく綺麗で快適,便座が熱くて調整できず尻が火傷しそうです。,HR_REVIEWTEXT,"出来たばかりで清潔感があり快適でした。
お風呂も広くて気持ちよいです。
トイレはちょっと不満。手洗いはあるのですがハンドソープなし。便座が熱くて調整できず尻が火傷しそうです。
あと、部屋のエアコンのランプが明るすぎて睡眠の邪魔になります。気になる方は困ると思います。
ちょっとだけ気になったのは、床が所々ペコペコと凹むところ。問題はないと思うのですが、なにやら安っぽさを感じました。

部屋の鍵はオートロックで、4桁の番号で開けるタイプ。これはちょっと不安。番号が分かれば誰でも開けられてしまいます。

立地的には薬研堀の端っこという感じ。繁華街までは歩いて行けます。コンビニも近く便利。

基本駐車場はなく、車の場合は近くのコインパーキングを利用することになります。サービスチケットなどはありません。

スタッフは受付に常時1名？という感じ。みなホテルでの接客経験のない若いバイトさん達のようで、正直なところあまり頼りになりません。アメニティなどは受付でお願いして受け取る方式で、部屋に持ってきてくれたりはしません。ここは割り切りですね。",Fire2
63da166e269670786396b09f,8180104176,NOT SPECIFIED,55168139,1675241274166,01/02/2023 07:36:14 CST,kula crows nest,ja_jp,-1,ロケーションも最高です,一旦止まったのですが、又火災報知器が鳴って外に避難。,HR_REVIEWTEXT,綺麗で清潔で交通も申し分なく、夜も静かで景色も住宅街に馴染んで素敵でした。スーパーも複数あって買い物にも困りませんでした。ただ1回ゴミ置き場から火災報知器が鳴って避難したのですが、ホテル関係の方が誰も来なくてどうして良いか分からず1時間位して他のお客さん達と報知器がなる中部屋に戻りました。一旦止まったのですが、又火災報知器が鳴って外に避難。間も無く消防車が来て報知器を直してもう大丈夫と言ってくれて安心しました。こういう体験があると常時フロントが有ると安心だと思いました。,Fire2
63da166e269670786396b09f,8180104174,NOT SPECIFIED,55168139,1675241274166,01/02/2023 07:36:14 CST,kula crows nest,ja_jp,-1,ロケーションも最高です,ただ1回ゴミ置き場から火災報知器が鳴って避難したのですが、ホテル関係の方が誰も来なくてどうして良いか分からず1時間位して他のお客さん達と報知器がなる中部屋に戻りました。,HR_REVIEWTEXT,綺麗で清潔で交通も申し分なく、夜も静かで景色も住宅街に馴染んで素敵でした。スーパーも複数あって買い物にも困りませんでした。ただ1回ゴミ置き場から火災報知器が鳴って避難したのですが、ホテル関係の方が誰も来なくてどうして良いか分からず1時間位して他のお客さん達と報知器がなる中部屋に戻りました。一旦止まったのですが、又火災報知器が鳴って外に避難。間も無く消防車が来て報知器を直してもう大丈夫と言ってくれて安心しました。こういう体験があると常時フロントが有ると安心だと思いました。,Fire2
63dabfb60ff10302fdfb8622,8180300033,NOT SPECIFIED,20025642,1675284233932,01/02/2023 19:38:30 CST,hotel livemax nagoya sakae east,ja_jp,28,,火事発生時、緊急放送だけで、避難後案内も説明も、その後の対応等何もなかった。,HR_REVIEWTEXT,火事発生時、緊急放送だけで、避難後案内も説明も、その後の対応等何もなかった。,Fire2
63dcf374c1da6667a17f7e98,8180954070,NOT SPECIFIED,7849834,1675428887109,03/02/2023 11:43:48 CST,aiyaree place hotel,nl_nl,11,,"normaal is het prima maar nu viel het tegen is ook mijn eigen schuld ik had beter op moeten letten met boeken,nu had ik een standaard kamer met twee bedden en geen balkon en dat was het ergste.",HR_REVIEWTEXT,"normaal is het prima maar nu viel het tegen is ook mijn eigen schuld ik had beter op moeten letten met boeken,nu had ik een standaard kamer met twee bedden en geen balkon en dat was het ergste.",Balcony
63e1809b9b665768329ca775,8182395156,NOT SPECIFIED,882765,1675727151270,06/02/2023 22:35:07 CST,occidental at xcaret destination - all inclusive,en_ca,4,,Our balcony doors did not lock (a safety concern) and our toilet did not flush properly.,HR_REVIEWTEXT,"This is our 4th time here. We are actually first club members, but did not use our membership this time. Perhaps because it was off -season, there were challenges from our previous visits, but we never would have bought our membership is it was at the same quality as it was this visit. We had a third floor suite that leaked to the point we had to put towels on the floor to absorb the noise of the constant dropping. Our balcony doors did not lock (a safety concern) and our toilet did not flush properly. We did mention this, but nothing was done. There were a group of us, and we all had issues with our rooms, from no locking balcony doors (on the first floor, so important), to no hot water all week, no restocking of toilet paper (we had to raid a trolly when we found an open service door). The food selection was definitely not as good as the previous 3 times to the resort, but again, perhaps due to time of year or perhaps supply issues. Not sure we'll go back to this particular resort again.",Balcony
63e264b2bfc7341a5dc4af1f,8182654960,NOT SPECIFIED,3866771,1675785229849,07/02/2023 14:48:18 CST,hotel grand bittar,pt_br,-1,ruim,"Hotel com toalhas velhas, bidê, suíte com varanda sem proteção, parapeito baixo.",HR_REVIEWTEXT,"Hotel com toalhas velhas, bidê, suíte com varanda sem proteção, parapeito baixo.",Balcony
63d7b58cb9a8646509f74ee6,8179786293,NOT SPECIFIED,899823,1675169151201,30/01/2023 12:18:20 CST,the elvetham hotel,en_gb,-1,active customer support,"Due to a gas leak at hotel, my stay was unable to take place as planned at very short notice.",HR_REVIEWTEXT,"Due to a gas leak at hotel, my stay was unable to take place as planned at very short notice.

They did put in place plans for a stay at a loosely equivalent hotel nearby with room rate honoured which I was able to choose. This was a leisure stay so the dining experience was important to me, and that is where I may not have got equivalence - just waiting for final admin to sort out so I don’t lose out on reward nights.

Hopefully will be able to stay in future",Gas
63d7f19c997d081da0c8ed3a,8179489717,NOT SPECIFIED,1305405,1675101563173,30/01/2023 16:34:36 CST,retro inn at mesa verde,en_us,-1,,Not the motels fault but very strong diesel odor outside the room where gas was leaked/spilled.,HR_REVIEWTEXT,"Quaint “Mom & Pop” retro style motel back up to your door place. Very clean, warm and comfortable with very affordable seasonal rates. Not the motels fault but very strong diesel odor outside the room where gas was leaked/spilled.",Gas
